Date,Open,High,Low,Close,Volume,BTC_Dominance,DominanceBTC
2022-01-01,46311.746094,47827.3125,46288.484375,47686.8125,24582667004.0,42.5,
2022-01-02,47680.925781,47881.40625,46856.9375,47345.21875,27951569547.0,42.4,
2022-01-03,47343.542969,47510.726563,45835.964844,46458.117188,33071628362.0,42.3,
2022-01-04,46458.851563,47406.546875,45752.464844,45897.574219,42494677905.0,42.1,
2022-01-05,45899.359375,46929.046875,42798.222656,43569.003906,36851084859.0,41.8,
2022-01-06,43565.511719,43748.71875,42645.539063,43160.929688,30208048289.0,41.7,
2022-01-07,43153.570313,43153.570313,41077.445313,41557.902344,84196607520.0,41.5,
2022-01-08,41561.464844,42228.941406,40672.277344,41733.941406,28066355845.0,41.6,
2022-01-09,41734.726563,42663.949219,41338.160156,41911.601563,21294384372.0,41.7,
2022-01-10,41910.230469,42199.484375,39796.570313,41821.261719,32104232331.0,41.7,
2022-01-11,41819.507813,43001.15625,41407.753906,42735.855469,26327648900.0,41.9,
2022-01-12,42742.179688,44135.367188,42528.988281,43949.101563,33499938689.0,42.3,
2022-01-13,43946.742188,44278.421875,42447.042969,42591.570313,47691135082.0,42.1,
2022-01-14,42598.871094,43346.6875,41982.617188,43099.699219,23577403399.0,42.2,
2022-01-15,43101.898438,43724.671875,42669.035156,43177.398438,18371348298.0,42.2,
2022-01-16,43172.039063,43436.808594,42691.023438,43113.878906,17902097845.0,42.2,
2022-01-17,43118.121094,43179.390625,41680.320313,42250.550781,21690904261.0,42.1,
2022-01-18,42250.074219,42534.402344,41392.214844,42375.632813,22417209227.0,42.1,
2022-01-19,42374.039063,42478.304688,41242.914063,41744.328125,23091543258.0,42.0,
2022-01-20,41744.027344,43413.023438,40672.824219,40680.417969,20382033940.0,41.8,
2022-01-21,40699.605469,41060.527344,35791.425781,36457.316406,43011992031.0,41.0,
2022-01-22,36471.589844,36688.8125,34349.25,35030.25,39714385405.0,40.5,
2022-01-23,35047.359375,36433.3125,34784.96875,36276.804688,26017975951.0,40.8,
2022-01-24,36275.734375,37247.519531,33184.058594,36654.328125,41856658597.0,41.0,
2022-01-25,36654.804688,37444.570313,35779.429688,36954.003906,26428189594.0,41.1,
2022-01-26,36950.515625,38825.410156,36374.90625,36852.121094,31324598034.0,41.1,
2022-01-27,36841.878906,37148.324219,35629.28125,37138.234375,25041426629.0,41.2,
2022-01-28,37128.445313,37952.878906,36211.109375,37784.332031,22238830523.0,41.3,
2022-01-29,37780.714844,38576.261719,37406.472656,38138.179688,17194183075.0,41.4,
2022-01-30,38151.917969,38266.339844,37437.710938,37917.601563,14643548444.0,41.3,
2022-01-31,37920.28125,38647.261719,36733.574219,38483.125,20734730465.0,41.4,
2022-02-01,38481.765625,39115.132813,38113.664063,38743.273438,20288500328.0,,
2022-02-02,38743.714844,38834.617188,36832.730469,36952.984375,19155189416.0,,
2022-02-03,36944.804688,37154.601563,36375.539063,37154.601563,18591534769.0,,
2022-02-04,37149.265625,41527.785156,37093.628906,41500.875,29412210792.0,,
2022-02-05,41501.480469,41847.164063,41038.097656,41441.164063,19652846215.0,,
2022-02-06,41441.121094,42500.785156,41244.90625,42412.433594,16142097334.0,,
2022-02-07,42406.78125,44401.863281,41748.15625,43840.285156,28641855926.0,,
2022-02-08,43854.652344,45293.867188,42807.835938,44118.445313,33079398868.0,,
2022-02-09,44096.703125,44727.800781,43232.96875,44338.796875,23245887300.0,,
2022-02-10,44347.800781,45661.171875,43402.808594,43565.113281,32142048537.0,,
2022-02-11,43571.128906,43810.832031,42114.539063,42407.9375,26954925781.0,,
2022-02-12,42412.300781,42992.550781,41852.574219,42244.46875,18152390304.0,,
2022-02-13,42236.566406,42693.054688,41950.941406,42197.515625,14741589015.0,,
2022-02-14,42157.398438,42775.777344,41681.957031,42586.917969,20827783012.0,,
2022-02-15,42586.464844,44667.21875,42491.035156,44575.203125,22721659051.0,,
2022-02-16,44578.277344,44578.277344,43456.691406,43961.859375,19792547657.0,,
2022-02-17,43937.070313,44132.972656,40249.371094,40538.011719,26246662813.0,,
2022-02-18,40552.132813,40929.152344,39637.617188,40030.976563,23310007704.0,,
2022-02-19,40026.023438,40418.878906,39713.058594,40122.15625,13736557863.0,,
2022-02-20,40118.101563,40119.890625,38112.8125,38431.378906,18340576452.0,,
2022-02-21,38423.210938,39394.4375,36950.476563,37075.28125,29280402798.0,,
2022-02-22,37068.769531,38359.855469,36488.933594,38286.027344,25493150450.0,,
2022-02-23,38285.28125,39122.394531,37201.816406,37296.570313,21849073843.0,,
2022-02-24,37278.566406,38968.839844,34459.21875,38332.609375,46383802093.0,,
2022-02-25,38333.746094,39630.324219,38111.34375,39214.21875,26545599159.0,,
2022-02-26,39213.082031,40005.347656,38702.535156,39105.148438,17467554129.0,,
2022-02-27,39098.699219,39778.941406,37268.976563,37709.785156,23450127612.0,,
2022-02-28,37706.0,43760.457031,37518.214844,43193.234375,35690014104.0,,
2022-03-01,43194.503906,44793.601563,42952.585938,44354.636719,32479047645.0,,
2022-03-02,44357.617188,45077.578125,43432.851563,43924.117188,29183112630.0,,
2022-03-03,43925.195313,44021.578125,41914.75,42451.789063,24967782593.0,,
2022-03-04,42458.140625,42479.613281,38805.847656,39137.605469,28516271427.0,,
2022-03-05,39148.449219,39566.335938,38777.035156,39400.585938,16975917450.0,,
2022-03-06,39404.199219,39640.175781,38211.648438,38419.984375,19745229902.0,,
2022-03-07,38429.304688,39430.226563,37260.203125,38062.039063,28546143503.0,,
2022-03-08,38059.902344,39304.441406,37957.386719,38737.269531,25776583476.0,,
2022-03-09,38742.816406,42465.671875,38706.09375,41982.925781,32284121034.0,,
2022-03-10,41974.070313,42004.726563,38832.941406,39437.460938,31078064711.0,,
2022-03-11,39439.96875,40081.679688,38347.433594,38794.972656,26364890465.0,,
2022-03-12,38794.464844,39308.597656,38772.535156,38904.011719,14616450657.0,,
2022-03-13,38884.726563,39209.351563,37728.144531,37849.664063,17300745310.0,,
2022-03-14,37846.316406,39742.5,37680.734375,39666.753906,24322159070.0,,
2022-03-15,39664.25,39794.628906,38310.210938,39338.785156,23934000868.0,,
2022-03-16,39335.570313,41465.453125,39022.347656,41143.929688,39616916192.0,,
2022-03-17,41140.84375,41287.535156,40662.871094,40951.378906,22009601093.0,,
2022-03-18,40944.839844,42195.746094,40302.398438,41801.15625,34421564942.0,,
2022-03-19,41794.648438,42316.554688,41602.667969,42190.652344,19664853187.0,,
2022-03-20,42191.40625,42241.164063,41004.757813,41247.824219,20127946682.0,,
2022-03-21,41246.132813,41454.410156,40668.042969,41077.996094,24615543271.0,,
2022-03-22,41074.105469,43124.707031,40948.28125,42358.808594,32004652376.0,,
2022-03-23,42364.378906,42893.507813,41877.507813,42892.957031,25242943069.0,,
2022-03-24,42886.652344,44131.855469,42726.164063,43960.933594,31042992291.0,,
2022-03-25,43964.546875,44999.492188,43706.285156,44348.730469,30574413034.0,,
2022-03-26,44349.859375,44735.996094,44166.273438,44500.828125,16950455995.0,,
2022-03-27,44505.355469,46827.546875,44437.292969,46820.492188,28160889722.0,,
2022-03-28,46821.851563,48086.835938,46690.203125,47128.003906,36362175703.0,,
2022-03-29,47100.4375,48022.289063,47100.4375,47465.730469,31397059069.0,,
2022-03-30,47456.898438,47655.148438,46746.210938,47062.664063,29333883962.0,,
2022-03-31,47062.148438,47512.027344,45390.539063,45538.675781,33327427106.0,,
2022-04-01,45554.164063,46616.242188,44403.140625,46281.644531,38162644287.0,,
2022-04-02,46285.5,47028.28125,45782.511719,45868.949219,29336594194.0,,
2022-04-03,45859.128906,47313.476563,45634.105469,46453.566406,25414397610.0,,
2022-04-04,46445.273438,46791.089844,45235.816406,46622.675781,32499785455.0,,
2022-04-05,46624.507813,47106.140625,45544.808594,45555.992188,29640604055.0,,
2022-04-06,45544.355469,45544.355469,43193.953125,43206.738281,39393395788.0,,
2022-04-07,43207.5,43860.699219,42899.90625,43503.847656,26101973106.0,,
2022-04-08,43505.136719,43903.019531,42183.289063,42287.664063,27215995394.0,,
2022-04-09,42282.078125,42786.816406,42183.253906,42782.136719,16050772496.0,,
2022-04-10,42781.089844,43376.378906,42021.207031,42207.671875,17654475582.0,,
2022-04-11,42201.039063,42424.589844,39373.058594,39521.902344,33949912166.0,,
2022-04-12,39533.714844,40617.585938,39388.328125,40127.183594,30991500854.0,,
2022-04-13,40123.570313,41430.054688,39712.746094,41166.730469,27691105228.0,,
2022-04-14,41160.21875,41451.480469,39695.746094,39935.515625,24342001973.0,,
2022-04-15,39939.402344,40617.722656,39866.832031,40553.464844,21756855753.0,,
2022-04-16,40552.316406,40633.679688,40078.425781,40424.484375,16833150693.0,,
2022-04-17,40417.777344,40570.726563,39620.894531,39716.953125,19087633042.0,,
2022-04-18,39721.203125,40986.320313,38696.191406,40826.214844,33705182072.0,,
2022-04-19,40828.175781,41672.960938,40618.632813,41502.75,25303206547.0,,
2022-04-20,41501.746094,42126.300781,40961.097656,41374.378906,27819532341.0,,
2022-04-21,41371.515625,42893.582031,40063.828125,40527.363281,35372786395.0,,
2022-04-22,40525.863281,40777.757813,39315.417969,39740.320313,28011716745.0,,
2022-04-23,39738.722656,39935.859375,39352.203125,39486.730469,16138021249.0,,
2022-04-24,39487.027344,40698.058594,39021.710938,40452.945313,19855432100.0,,
2022-04-25,40450.644531,40798.835938,38026.789063,38121.285156,22785443700.0,,
2022-04-26,38116.105469,39204.214844,37889.21875,39090.875,19142236400.0,,
2022-04-27,39074.832031,39749.207031,38632.082031,39221.582031,18230144600.0,,
2022-04-28,39231.847656,39968.292969,38791.890625,39539.726563,17843128500.0,,
2022-04-29,39522.078125,39916.058594,38005.417969,38605.742188,19655416800.0,,
2022-04-30,38598.617188,38656.503906,37787.574219,38413.890625,14652199272.0,,
2022-05-01,38249.230469,38349.96875,37177.365234,37276.910156,20759504330.0,,
2022-05-02,37265.894531,37872.142578,37169.570313,37817.5,13125734602.0,,
2022-05-03,37816.144531,37820.244141,37400.314453,37591.384766,12785446832.0,,
2022-05-04,37591.730469,37979.982422,37070.849609,37525.339844,17703288330.0,,
2022-05-05,37514.873047,38371.078125,37207.931641,38307.597656,17733373139.0,,
2022-05-06,38300.058594,39995.837891,37324.548828,38422.701172,31854242019.0,,
2022-05-07,38428.464844,39871.546875,38402.886719,39473.787109,27153445027.0,,
2022-05-08,39481.013672,39572.791016,38929.609375,39340.261719,17544464887.0,,
2022-05-09,39336.566406,39452.455078,38841.107422,39248.488281,10662634333.0,,
2022-05-10,39245.515625,39952.029297,39114.021484,39268.806641,14652199272.0,,
2022-05-11,39227.103516,39329.935547,37680.792969,38091.568359,18655599976.0,,
2022-05-12,38087.175781,38881.298828,37924.123047,38680.537109,16432924527.0,,
2022-05-13,38680.494141,39259.533203,38178.388672,39006.308594,19122972518.0,,
2022-05-14,39031.304688,39353.185547,38694.039063,38847.710938,15548678514.0,,
2022-05-15,38851.480469,39668.908203,38845.509766,39534.384766,17936566518.0,,
2022-05-16,39538.859375,39820.126953,38468.966797,38904.623047,15913866714.0,,
2022-05-17,38901.623047,39157.517578,38441.367188,38454.978516,11301355486.0,,
2022-05-18,38450.457031,38663.271484,37310.134766,37694.273438,19122903752.0,,
2022-05-19,37695.068359,37821.400391,37375.601563,37658.775391,14128593256.0,,
2022-05-20,37654.636719,38322.6875,36883.669922,37621.755859,20656025026.0,,
2022-05-21,37621.085938,37621.941406,36781.826172,37000.789063,16724343943.0,,
2022-05-22,36987.662109,37055.646484,35878.429688,36804.990234,19313599897.0,,
2022-05-23,36807.769531,37030.482422,36710.873047,36784.078125,9999171605.0,,
2022-05-24,36788.974609,37150.976563,36661.355469,36930.638672,10014858959.0,,
2022-05-25,36931.384766,37646.347656,36766.097656,37192.693359,14413231792.0,,
2022-05-26,37171.513672,37299.304688,36878.947266,37036.650391,12732238816.0,,
2022-05-27,37035.470703,37465.927734,36600.144531,37398.802734,15140006925.0,,
2022-05-28,37401.650391,37466.527344,36415.101563,36832.208984,15222938600.0,,
2022-05-29,36826.753906,37128.619141,36700.210938,36890.128906,11258983301.0,,
2022-05-30,36888.841797,37155.158203,36843.277344,37129.585938,7044911360.0,,
2022-05-31,37118.423828,37265.917969,36706.921875,36753.826172,8647416921.0,,
2022-06-01,36749.892578,37045.734375,36549.734375,36851.277344,11056770492.0,,
2022-06-02,36855.960938,37434.683594,36816.179688,37225.726563,13697203143.0,,
2022-06-03,37224.603516,37224.603516,36106.576172,36334.818359,16299104428.0,,
2022-06-04,36329.460938,36591.519531,35890.59375,36476.207031,13851122697.0,,
2022-06-05,36474.181641,36916.669922,36343.949219,36719.291016,12711619225.0,,
2022-06-06,36720.181641,36888.882813,36621.140625,36868.353516,7892015141.0,,
2022-06-07,36871.158203,38193.449219,36802.751953,38085.646484,14545229578.0,,
2022-06-08,38075.591797,38432.039063,37563.876953,37745.884766,15181308984.0,,
2022-06-09,37745.123047,38044.759766,37588.501953,37702.349609,13251081851.0,,
2022-06-10,37700.529297,37831.677734,36866.453125,37219.658203,15656371534.0,,
2022-06-11,37218.412109,37346.105469,36671.720703,36819.972656,14678970415.0,,
2022-06-12,36835.117188,37604.734375,36652.705078,37467.488281,29083562061.0,,
2022-06-13,37467.806641,37633.035156,36375.689453,37004.390625,26175547452.0,,
2022-06-14,37006.138672,37230.564453,36500.005859,36832.914063,16588370958.0,,
2022-06-15,36835.117188,37117.744141,36574.449219,36906.662109,17264085441.0,,
2022-06-16,36910.283203,38693.291016,36894.1875,38370.671875,31947336829.0,,
2022-06-17,38371.742188,38489.683594,37311.683594,38155.478516,40770974039.0,,
2022-06-18,38151.480469,38253.691406,36944.404297,37214.355469,30242059107.0,,
2022-06-19,37215.279297,37609.310547,37020.265625,37111.998047,21692004719.0,,
2022-06-20,37110.330078,37245.808594,35978.146484,36083.804688,29867476527.0,,
2022-06-21,36084.666016,36401.916016,35236.212891,35360.810547,27246574439.0,,
2022-06-22,35373.513672,35502.685547,33762.648438,33762.648438,34163220274.0,,
2022-06-23,33737.578125,33795.589844,30141.257813,32487.388672,68204556440.0,,
2022-06-24,32487.986328,33018.951172,30950.818359,32206.792969,50913575242.0,,
2022-06-25,32206.75,32210.0,29700.0,31500.0,0.0,,
2022-06-26,31500.0,32000.0,31200.0,31800.0,0.0,,
2022-06-27,31800.0,32300.0,31550.0,32000.0,0.0,,
2022-06-28,32000.0,32500.0,31800.0,32200.0,0.0,,
2022-06-29,32200.0,33000.0,32000.0,32800.0,0.0,,
2022-06-30,32800.0,33500.0,32600.0,33000.0,0.0,,
2022-07-01,33000.0,33250.0,32800.0,33050.0,0.0,,
2022-07-02,33050.0,34000.0,33000.0,33800.0,0.0,,
2022-07-03,33800.0,34500.0,33600.0,34200.0,0.0,,
2022-07-04,34200.0,35000.0,34000.0,34800.0,0.0,,
2022-07-05,34800.0,35500.0,34500.0,35000.0,0.0,,
2022-07-06,20147.3,20573.41,19830.09,20559.52,20000000000.0,,
2022-07-07,20559.52,21771.82,20300.12,21637.59,25814972520.0,,
2022-07-08,21637.59,22314.94,21400.5,21716.83,22000000000.0,,
2022-07-09,21716.83,21877.14,21200.33,21592.21,17000000000.0,,
2022-07-10,21592.21,21800.0,20750.0,20860.45,15000000000.0,,
2022-07-11,20860.45,20860.45,19800.0,20005.59,18000000000.0,,
2022-07-12,20005.59,20005.59,19325.0,19404.54,20000000000.0,,
2022-07-13,19404.54,20000.0,18922.0,19235.72,23000000000.0,,
2022-07-14,19235.72,20400.0,19050.0,20758.02,26000000000.0,,
2022-07-15,20758.02,20874.3,20300.0,20713.85,24000000000.0,,
2022-07-16,20713.85,21300.0,20500.0,21098.79,22000000000.0,,
2022-07-17,21098.79,21400.0,20750.0,20872.99,20000000000.0,,
2022-07-18,20872.99,22400.0,20700.0,22277.46,28000000000.0,,
2022-07-19,22277.46,23350.0,21800.0,22912.53,30000000000.0,,
2022-07-20,22912.53,24178.11,22800.0,23577.78,32000000000.0,,
2022-07-21,23577.78,23800.0,22750.0,23150.01,27000000000.0,,
2022-07-22,23150.01,23850.0,22650.0,23108.16,25000000000.0,,
2022-07-23,23108.16,23400.0,22700.0,23150.37,20000000000.0,,
2022-07-24,23150.37,23450.0,21800.0,22203.9,18000000000.0,,
2022-07-25,22203.9,22400.0,21250.0,21375.41,22000000000.0,,
2022-07-26,21375.41,21500.0,20800.0,21060.03,20000000000.0,,
2022-07-27,21060.03,22350.0,20800.0,22309.98,25000000000.0,,
2022-07-28,22309.98,24476.01,22250.0,23921.42,28000000000.0,,
2022-07-29,23921.42,24250.0,23300.0,23814.9,26000000000.0,,
2022-07-30,23814.9,24688.93,23750.0,24688.93,30000000000.0,,
2022-07-31,24688.93,24688.93,23200.0,23336.03,24000000000.0,,
2022-08-01,23336.03,23450.0,22550.0,22979.59,23000000000.0,,
2022-08-02,22979.59,23300.0,22500.0,22847.27,22000000000.0,,
2022-08-03,22847.27,23200.0,22600.0,22952.12,20000000000.0,,
2022-08-04,22952.12,23350.0,22550.0,22846.26,19000000000.0,,
2022-08-05,22846.26,23300.0,22650.0,22998.99,21000000000.0,,
2022-08-06,22998.99,23250.0,22750.0,23155.1,18000000000.0,,
2022-08-07,23155.1,23850.0,22900.0,23794.99,20000000000.0,,
2022-08-08,23794.99,24250.0,23200.0,23803.96,22000000000.0,,
2022-08-09,23803.96,23950.0,22850.0,22911.52,23000000000.0,,
2022-08-10,22911.52,24300.0,22850.0,24392.21,28000000000.0,,
2022-08-11,24392.21,24800.0,23900.0,24424.13,30000000000.0,,
2022-08-12,24424.13,25200.0,23950.0,24964.66,35000000000.0,,
2022-08-13,24964.66,25000.0,24150.0,24485.16,27000000000.0,,
2022-08-14,24485.16,25200.0,24350.0,25047.35,26000000000.0,,
2022-08-15,25047.35,25200.0,23700.0,24098.69,29000000000.0,,
2022-08-16,24098.69,24350.0,23450.0,23895.92,24000000000.0,,
2022-08-17,23895.92,24300.0,23200.0,23336.1,30000000000.0,,
2022-08-18,23336.1,23700.0,22700.0,23198.36,22000000000.0,,
2022-08-19,23198.36,23200.0,20800.0,21101.42,34000000000.0,,
2022-08-20,21101.42,21750.0,20900.0,21601.21,25000000000.0,,
2022-08-21,21601.21,21700.0,20900.0,21372.18,20000000000.0,,
2022-08-22,21372.18,21372.18,20600.0,20802.39,23000000000.0,,
2022-08-23,20802.39,21600.0,20750.0,21402.06,24000000000.0,,
2022-08-24,21402.06,21800.0,21150.0,21403.59,22000000000.0,,
2022-08-25,21403.59,21650.0,21200.0,21479.49,20000000000.0,,
2022-08-26,21479.49,21479.49,19750.0,20190.69,28000000000.0,,
2022-08-27,20190.69,20400.0,19800.0,19991.82,22000000000.0,,
2022-08-28,19991.82,20350.0,19550.0,19796.12,18000000000.0,,
2022-08-29,19796.12,20350.0,19500.0,19819.92,21000000000.0,,
2022-08-30,19819.92,20450.0,19650.0,20296.96,23000000000.0,,
2022-08-31,20296.96,20500.0,19650.0,20048.02,25000000000.0,,
2022-09-01,20048.02,20400.0,19800.0,20044.1,22000000000.0,,
2022-09-02,20044.1,20350.0,19800.0,19984.64,20000000000.0,,
2022-09-03,19984.64,20200.0,19500.0,19997.61,17000000000.0,,
2022-09-04,19997.61,20050.0,19450.0,19698.74,15000000000.0,,
2022-09-05,19698.74,19950.0,19500.0,19789.13,14000000000.0,,
2022-09-06,19789.13,20000.0,18650.0,18806.41,26000000000.0,,
2022-09-07,18806.41,19400.0,18350.0,19280.82,28000000000.0,,
2022-09-08,19280.82,19500.0,18500.0,19112.03,22000000000.0,,
2022-09-09,19112.03,21700.0,19050.0,21604.01,34000000000.0,,
2022-09-10,21604.01,21950.0,21150.0,21642.74,26000000000.0,,
2022-09-11,21642.74,21800.0,21200.0,21614.37,20000000000.0,,
2022-09-12,21614.37,22350.0,21550.0,22141.56,28000000000.0,,
2022-09-13,22141.56,22141.56,19750.0,20278.1,40000000000.0,,
2022-09-14,20278.1,20850.0,19750.0,20146.44,30000000000.0,,
2022-09-15,20146.44,20300.0,19500.0,19779.01,27000000000.0,,
2022-09-16,19779.01,19850.0,19500.0,19783.39,22000000000.0,,
2022-09-17,19783.39,20350.0,19750.0,20245.78,19000000000.0,,
2022-09-18,20245.78,20300.0,19500.0,19831.32,15000000000.0,,
2022-09-19,19831.32,19831.32,18271.1,18389.91,28000000000.0,,
2022-09-20,18389.91,19500.0,18300.0,18860.67,35000000000.0,,
2022-09-21,18860.67,19400.0,18350.0,18814.49,30000000000.0,,
2022-09-22,18814.49,19500.0,18300.0,19419.43,33000000000.0,,
2022-09-23,19419.43,19550.0,18850.0,19259.29,29000000000.0,,
2022-09-24,19259.29,19350.0,18900.0,19223.51,22000000000.0,,
2022-09-25,19223.51,19300.0,18650.0,18829.51,19000000000.0,,
2022-09-26,18829.51,19000.0,18150.0,18945.27,25000000000.0,,
2022-09-27,18945.27,20300.0,18850.0,19407.76,37000000000.0,,
2022-09-28,19407.76,19550.0,18800.0,19404.31,32000000000.0,,
2022-09-29,19404.31,19650.0,18850.0,19331.4,27000000000.0,,
2022-09-30,19331.4,19500.0,18850.0,19162.98,26000000000.0,,
2022-10-01,19162.98,19450.0,18900.0,19073.71,22000000000.0,,
2022-10-02,19073.71,19350.0,18850.0,19319.67,16000000000.0,,
2022-10-03,19319.67,19700.0,19050.0,19416.85,22000000000.0,,
2022-10-04,19416.85,20300.0,19250.0,20081.46,28000000000.0,,
2022-10-05,20081.46,20600.0,19900.0,20328.14,26000000000.0,,
2022-10-06,20328.14,20450.0,20000.0,20104.37,24000000000.0,,
2022-10-07,20104.37,20200.0,19750.0,19960.07,23000000000.0,,
2022-10-08,19960.07,19960.07,19300.0,19560.99,18000000000.0,,
2022-10-09,19560.99,19750.0,19400.0,19542.81,14000000000.0,,
2022-10-10,19542.81,19750.0,19050.0,19130.01,20000000000.0,,
2022-10-11,19130.01,19350.0,18800.0,19115.82,22000000000.0,,
2022-10-12,19115.82,19350.0,18800.0,19201.12,25000000000.0,,
2022-10-13,19201.12,19700.0,18157.72,19586.28,34000000000.0,,
2022-10-14,19586.28,19950.0,19150.0,19179.32,29000000000.0,,
2022-10-15,19179.32,19350.0,18950.0,19147.61,16000000000.0,,
2022-10-16,19147.61,19300.0,19000.0,19165.13,14000000000.0,,
2022-10-17,19165.13,19700.0,19100.0,19564.57,20000000000.0,,
2022-10-18,19564.57,19800.0,19150.0,19274.42,23000000000.0,,
2022-10-19,19274.42,19350.0,18900.0,19044.96,21000000000.0,,
2022-10-20,19044.96,19200.0,18650.0,19088.12,24000000000.0,,
2022-10-21,19088.12,19100.0,18900.0,19018.27,20000000000.0,,
2022-10-22,19018.27,19150.0,18900.0,19051.95,15000000000.0,,
2022-10-23,19051.95,19350.0,18950.0,19342.06,16000000000.0,,
2022-10-24,19342.06,19750.0,19300.0,19688.74,25000000000.0,,
2022-10-25,19688.74,20300.0,19600.0,19829.75,34000000000.0,,
2022-10-26,19829.75,21000.0,19750.0,20777.05,42000000000.0,,
2022-10-27,20777.05,20850.0,20250.0,20305.17,36000000000.0,,
2022-10-28,20305.17,20700.0,20050.0,20542.51,32000000000.0,,
2022-10-29,20542.51,20900.0,20300.0,20548.69,25000000000.0,,
2022-10-30,20548.69,20700.0,20000.0,20526.32,22000000000.0,,
2022-10-31,20526.32,20900.0,20350.0,20624.51,26000000000.0,,
2022-11-01,20624.51,20800.0,20150.0,20483.19,28000000000.0,,
2022-11-02,20483.19,20600.0,20150.0,20346.15,26000000000.0,,
2022-11-03,20346.15,20750.0,20200.0,20634.48,30000000000.0,,
2022-11-04,20634.48,21400.0,20500.0,21261.24,36000000000.0,,
2022-11-05,21261.24,21450.0,21050.0,21272.63,32000000000.0,,
2022-11-06,21272.63,21400.0,20800.0,20920.31,30000000000.0,,
2022-11-07,20920.31,21050.0,20550.0,20807.56,29000000000.0,,
2022-11-08,20807.56,21000.0,17166.54,18070.35,70000000000.0,,
2022-11-09,18070.35,18500.0,15576.94,15980.59,100000000000.0,,
2022-11-10,15980.59,18000.0,15500.0,17618.89,90000000000.0,,
2022-11-11,17618.89,17618.89,16300.0,16718.01,60000000000.0,,
2022-11-12,16718.01,17500.0,16500.0,16802.51,50000000000.0,,
2022-11-13,16802.51,17000.0,16300.0,16417.63,38000000000.0,,
2022-11-14,16417.63,16600.0,15750.0,16201.2,45000000000.0,,
2022-11-15,16201.2,16800.0,15800.0,16621.29,42000000000.0,,
2022-11-16,16621.29,16950.0,16500.0,16673.78,34000000000.0,,
2022-11-17,16673.78,16850.0,16400.0,16700.44,32000000000.0,,
2022-11-18,16700.44,16900.0,16450.0,16702.02,28000000000.0,,
2022-11-19,16702.02,16850.0,16550.0,16754.54,22000000000.0,,
2022-11-20,16754.54,16800.0,16100.0,16317.56,20000000000.0,,
2022-11-21,16317.56,16317.56,15760.19,15760.19,25000000000.0,,
2022-11-22,15760.19,16100.0,15600.0,15817.36,30000000000.0,,
2022-11-23,15817.36,16600.0,15750.0,16406.3,33000000000.0,,
2022-11-24,16406.3,16650.0,16200.0,16564.07,25000000000.0,,
2022-11-25,16564.07,16600.0,16300.0,16546.43,20000000000.0,,
2022-11-26,16546.43,16550.0,16350.0,16461.81,14000000000.0,,
2022-11-27,16461.81,16550.0,16000.0,16245.61,13000000000.0,,
2022-11-28,16245.61,16500.0,16000.0,16177.24,20000000000.0,,
2022-11-29,16177.24,16400.0,16050.0,16387.79,22000000000.0,,
2022-11-30,16387.79,17100.0,16350.0,16977.29,30000000000.0,,
2022-12-01,16977.29,17150.0,16800.0,17015.23,28000000000.0,,
2022-12-02,17015.23,17100.0,16850.0,16980.54,25000000000.0,,
2022-12-03,16980.54,17050.0,16800.0,16920.11,20000000000.0,,
2022-12-04,16920.11,17000.0,16750.0,16858.64,18000000000.0,,
2022-12-05,16858.64,17020.0,16700.0,17002.45,22000000000.0,,
2022-12-06,17002.45,17150.0,16850.0,17080.31,24000000000.0,,
2022-12-07,17080.31,17100.0,16750.0,16895.56,26000000000.0,,
2022-12-08,16895.56,17000.0,16700.0,16943.62,23000000000.0,,
2022-12-09,16943.62,17250.0,16850.0,17132.88,30000000000.0,,
2022-12-10,17132.88,17200.0,17000.0,17110.45,22000000000.0,,
2022-12-11,17110.45,17200.0,17050.0,17140.12,18000000000.0,,
2022-12-12,17140.12,17250.0,17000.0,17232.71,25000000000.0,,
2022-12-13,17232.71,18100.0,17150.0,17758.94,45000000000.0,,
2022-12-14,17758.94,17850.0,17600.0,17700.23,38000000000.0,,
2022-12-15,17700.23,17800.0,17200.0,17330.41,36000000000.0,,
2022-12-16,17330.41,17350.0,16600.0,16722.35,42000000000.0,,
2022-12-17,16722.35,16850.0,16650.0,16744.58,20000000000.0,,
2022-12-18,16744.58,16850.0,16600.0,16730.12,18000000000.0,,
2022-12-19,16730.12,16850.0,16550.0,16741.45,22000000000.0,,
2022-12-20,16741.45,17000.0,16500.0,16810.22,26000000000.0,,
2022-12-21,16810.22,16850.0,16500.0,16642.31,24000000000.0,,
2022-12-22,16642.31,16800.0,16550.0,16802.93,23000000000.0,,
2022-12-23,16802.93,16850.0,16550.0,16778.55,20000000000.0,,
2022-12-24,16778.55,16800.0,16600.0,16760.18,15000000000.0,,
2022-12-25,16760.18,16800.0,16650.0,16780.47,12000000000.0,,
2022-12-26,16780.47,16850.0,16700.0,16822.14,18000000000.0,,
2022-12-27,16822.14,16850.0,16550.0,16628.33,22000000000.0,,
2022-12-28,16628.33,16700.0,16400.0,16544.89,21000000000.0,,
2022-12-29,16544.89,16650.0,16400.0,16600.75,20000000000.0,,
2022-12-30,16600.75,16650.0,16450.0,16547.24,19000000000.0,,
2022-12-31,16547.24,16600.0,16400.0,16528.71,17000000000.0,,
2023-01-01,16547.5,16650.0,16500.0,16605.29,10000000000.0,,
2023-01-02,16605.29,16800.0,16550.0,16730.22,13000000000.0,,
2023-01-03,16730.22,16850.0,16600.0,16796.3,15000000000.0,,
2023-01-04,16796.3,16800.0,16650.0,16817.07,14000000000.0,,
2023-01-05,16817.07,16900.0,16800.0,16815.85,13000000000.0,,
2023-01-06,16815.85,16950.0,16800.0,16944.78,14000000000.0,,
2023-01-07,16944.78,16944.78,16800.0,16930.25,12000000000.0,,
2023-01-08,16930.25,17250.0,16800.0,17206.07,15000000000.0,,
2023-01-09,17206.07,17350.0,17050.0,17216.35,18000000000.0,,
2023-01-10,17216.35,17450.0,17200.0,17387.14,20000000000.0,,
2023-01-11,17387.14,17900.0,17350.0,17880.46,25000000000.0,,
2023-01-12,17880.46,18900.0,17750.0,18839.5,35000000000.0,,
2023-01-13,18839.5,19100.0,18600.0,18921.28,38000000000.0,,
2023-01-14,18921.28,21300.0,18850.0,20952.05,50000000000.0,,
2023-01-15,20952.05,21600.0,20500.0,20878.47,40000000000.0,,
2023-01-16,20878.47,21300.0,20750.0,21166.51,30000000000.0,,
2023-01-17,21166.51,21400.0,20750.0,21158.04,28000000000.0,,
2023-01-18,21158.04,21350.0,20750.0,20827.7,26000000000.0,,
2023-01-19,20827.7,21000.0,20350.0,20823.37,22000000000.0,,
2023-01-20,20823.37,22300.0,20750.0,22630.52,35000000000.0,,
2023-01-21,22630.52,23350.0,22350.0,22712.52,40000000000.0,,
2023-01-22,22712.52,23350.0,22350.0,22894.75,30000000000.0,,
2023-01-23,22894.75,23250.0,22550.0,22935.44,25000000000.0,,
2023-01-24,22935.44,23150.0,22550.0,22635.14,22000000000.0,,
2023-01-25,22635.14,23150.0,22500.0,23016.39,25000000000.0,,
2023-01-26,23016.39,23250.0,22800.0,23030.57,24000000000.0,,
2023-01-27,23030.57,23150.0,22750.0,22930.57,22000000000.0,,
2023-01-28,22930.57,23850.0,22850.0,23718.52,30000000000.0,,
2023-01-29,23718.52,23800.0,23050.0,23139.17,26000000000.0,,
2023-01-30,23139.17,23150.0,22550.0,22878.49,23000000000.0,,
2023-01-31,22878.49,23050.0,22550.0,22917.15,24000000000.0,,
2023-02-01,22917.15,23950.0,22850.0,23757.53,39000000000.0,,
2023-02-02,23757.53,23950.0,23300.0,23670.19,34000000000.0,,
2023-02-03,23670.19,23850.0,23250.0,23432.94,30000000000.0,,
2023-02-04,23432.94,23450.0,23200.0,23327.31,22000000000.0,,
2023-02-05,23327.31,23350.0,22750.0,22954.28,20000000000.0,,
2023-02-06,22954.28,22954.28,22600.0,22710.05,22000000000.0,,
2023-02-07,22710.05,23300.0,22650.0,22909.25,24000000000.0,,
2023-02-08,22909.25,23100.0,22750.0,22911.85,26000000000.0,,
2023-02-09,22911.85,23050.0,22550.0,22650.49,30000000000.0,,
2023-02-10,22650.49,22750.0,21650.0,21811.22,40000000000.0,,
2023-02-11,21811.22,21850.0,21600.0,21731.71,22000000000.0,,
2023-02-12,21731.71,21950.0,21500.0,21795.03,18000000000.0,,
2023-02-13,21795.03,21900.0,21300.0,21753.04,25000000000.0,,
2023-02-14,21753.04,22500.0,21700.0,22402.39,30000000000.0,,
2023-02-15,22402.39,24650.0,22350.0,24342.17,55000000000.0,,
2023-02-16,24342.17,25000.0,23950.0,24739.04,50000000000.0,,
2023-02-17,24739.04,25150.0,23800.0,24644.36,48000000000.0,,
2023-02-18,24644.36,25000.0,24300.0,24713.51,32000000000.0,,
2023-02-19,24713.51,25000.0,24250.0,24489.51,28000000000.0,,
2023-02-20,24489.51,24950.0,24350.0,24775.02,30000000000.0,,
2023-02-21,24775.02,24900.0,24150.0,24450.8,32000000000.0,,
2023-02-22,24450.8,24800.0,23800.0,24150.37,35000000000.0,,
2023-02-23,24150.37,24200.0,23300.0,23790.89,40000000000.0,,
2023-02-24,23790.89,24000.0,23150.0,23165.32,34000000000.0,,
2023-02-25,23165.32,23250.0,22750.0,23136.74,22000000000.0,,
2023-02-26,23136.74,23250.0,22900.0,23155.45,18000000000.0,,
2023-02-27,23155.45,23350.0,22750.0,23165.8,24000000000.0,,
2023-02-28,23165.8,23700.0,23050.0,23160.12,27000000000.0,,
2023-03-01,23160.12,23900.0,23100.0,23646.3,32000000000.0,,
2023-03-02,23646.3,23700.0,23300.0,23375.65,28000000000.0,,
2023-03-03,23375.65,23400.0,22300.0,22376.05,34000000000.0,,
2023-03-04,22376.05,22500.0,22300.0,22483.96,20000000000.0,,
2023-03-05,22483.96,22650.0,22300.0,22505.46,18000000000.0,,
2023-03-06,22505.46,22550.0,22200.0,22350.87,22000000000.0,,
2023-03-07,22350.87,22800.0,21850.0,22199.96,30000000000.0,,
2023-03-08,22199.96,22350.0,21800.0,21813.12,28000000000.0,,
2023-03-09,21813.12,21850.0,20300.0,20355.21,50000000000.0,,
2023-03-10,20355.21,20500.0,19950.0,20564.52,46000000000.0,,
2023-03-11,20564.52,21200.0,20000.0,20598.32,38000000000.0,,
2023-03-12,20598.32,22500.0,20200.0,22310.16,42000000000.0,,
2023-03-13,22310.16,24200.0,22250.0,24193.57,55000000000.0,,
2023-03-14,24193.57,26100.0,24150.0,26081.43,70000000000.0,,
2023-03-15,26081.43,26450.0,23900.0,24466.64,80000000000.0,,
2023-03-16,24466.64,25000.0,23950.0,24765.94,50000000000.0,,
2023-03-17,24765.94,27800.0,24750.0,27312.17,60000000000.0,,
2023-03-18,27312.17,27850.0,26850.0,27252.63,45000000000.0,,
2023-03-19,27252.63,28400.0,26850.0,27956.92,50000000000.0,,
2023-03-20,27956.92,28400.0,27050.0,28130.59,47000000000.0,,
2023-03-21,28130.59,28350.0,26950.0,27251.13,40000000000.0,,
2023-03-22,27251.13,28450.0,26800.0,27694.98,38000000000.0,,
2023-03-23,27694.98,28750.0,27250.0,28030.68,44000000000.0,,
2023-03-24,28030.68,28350.0,26950.0,27493.53,37000000000.0,,
2023-03-25,27493.53,27500.0,26900.0,27041.63,22000000000.0,,
2023-03-26,27041.63,27350.0,26800.0,27040.85,18000000000.0,,
2023-03-27,27040.85,27250.0,26500.0,26801.09,22000000000.0,,
2023-03-28,26801.09,27450.0,26400.0,26915.67,25000000000.0,,
2023-03-29,26915.67,29350.0,26850.0,28678.56,50000000000.0,,
2023-03-30,28678.56,29450.0,28050.0,28242.94,48000000000.0,,
2023-03-31,28242.94,28500.0,27700.0,28478.13,45000000000.0,,
2023-04-01,28478.13,28750.0,27650.0,28476.97,30000000000.0,,
2023-04-02,28476.97,28600.0,27650.0,28232.85,25000000000.0,,
2023-04-03,28232.85,28400.0,27650.0,27818.36,28000000000.0,,
2023-04-04,27818.36,28850.0,27650.0,28140.34,30000000000.0,,
2023-04-05,28140.34,28450.0,27350.0,27913.85,27000000000.0,,
2023-04-06,27913.85,28150.0,27400.0,27904.85,23000000000.0,,
2023-04-07,27904.85,28050.0,27250.0,27938.27,22000000000.0,,
2023-04-08,27938.27,28000.0,27700.0,27930.17,18000000000.0,,
2023-04-09,27930.17,28450.0,27800.0,28335.5,20000000000.0,,
2023-04-10,28335.5,28450.0,27850.0,28028.98,22000000000.0,,
2023-04-11,28028.98,30200.0,27950.0,30038.4,35000000000.0,,
2023-04-12,30038.4,30450.0,29850.0,30037.05,45000000000.0,,
2023-04-13,30037.05,30450.0,29650.0,30434.24,50000000000.0,,
2023-04-14,30434.24,30950.0,30050.0,30379.15,48000000000.0,,
2023-04-15,30379.15,30600.0,29950.0,30493.95,32000000000.0,,
2023-04-16,30493.95,30600.0,29750.0,30354.87,28000000000.0,,
2023-04-17,30354.87,30650.0,29500.0,30191.12,30000000000.0,,
2023-04-18,30191.12,30400.0,29550.0,30140.21,27000000000.0,,
2023-04-19,30140.21,30300.0,28200.0,28803.14,40000000000.0,,
2023-04-20,28803.14,28950.0,28000.0,28300.22,35000000000.0,,
2023-04-21,28300.22,28400.0,27200.0,27490.13,38000000000.0,,
2023-04-22,27490.13,27950.0,27350.0,27622.73,25000000000.0,,
2023-04-23,27622.73,27650.0,27200.0,27433.97,20000000000.0,,
2023-04-24,27433.97,27550.0,27050.0,27312.15,22000000000.0,,
2023-04-25,27312.15,27850.0,27050.0,27709.48,24000000000.0,,
2023-04-26,27709.48,28350.0,27350.0,27973.03,28000000000.0,,
2023-04-27,27973.03,29700.0,27850.0,29359.19,45000000000.0,,
2023-04-28,29359.19,29850.0,28800.0,29311.34,40000000000.0,,
2023-04-29,29311.34,29650.0,29000.0,29390.19,30000000000.0,,
2023-04-30,29390.19,29450.0,28950.0,29354.12,25000000000.0,,
2023-05-01,29227.1,29329.94,27680.79,28091.57,18655599976.0,,
2023-05-02,28087.18,28881.3,27924.12,28680.54,16432924527.0,,
2023-05-03,28680.49,29259.53,28178.39,29006.31,19122972518.0,,
2023-05-04,29031.3,29353.19,28694.04,28847.71,15548678514.0,,
2023-05-05,28851.48,29668.91,28845.51,29534.38,17936566518.0,,
2023-05-06,29538.86,29820.13,28468.97,28904.62,15913866714.0,,
2023-05-07,28901.62,29157.52,28441.37,28454.98,11301355486.0,,
2023-05-08,28450.46,28663.27,27310.13,27694.27,19122903752.0,,
2023-05-09,27695.07,27821.4,27375.6,27658.78,14128593256.0,,
2023-05-10,27654.64,28322.69,26883.67,27621.76,20656025026.0,,
2023-05-11,27621.09,27621.94,26781.83,27000.79,16724343943.0,,
2023-05-12,26987.66,27055.65,25878.43,26804.99,19313599897.0,,
2023-05-13,26807.77,27030.48,26710.87,26784.08,9999171605.0,,
2023-05-14,26788.97,27150.98,26661.36,26930.64,10014858959.0,,
2023-05-15,26931.38,27646.35,26766.1,27192.69,14413231792.0,,
2023-05-16,27171.51,27299.3,26878.95,27036.65,12732238816.0,,
2023-05-17,27035.47,27465.93,26600.14,27398.8,15140006925.0,,
2023-05-18,27401.65,27466.53,26415.1,26832.21,15222938600.0,,
2023-05-19,26826.75,27128.62,26700.21,26890.13,11258983301.0,,
2023-05-20,26888.84,27155.16,26843.28,27129.59,7044911360.0,,
2023-05-21,27118.42,27265.92,26706.92,26753.83,8647416921.0,,
2023-05-22,26749.89,27045.73,26549.73,26851.28,11056770492.0,,
2023-05-23,26855.96,27434.68,26816.18,27225.73,13697203143.0,,
2023-05-24,27224.6,27224.6,26106.58,26334.82,16299104428.0,,
2023-05-25,26329.46,26591.52,25890.59,26476.21,13851122697.0,,
2023-05-26,26474.18,26916.67,26343.95,26719.29,12711619225.0,,
2023-05-27,26720.18,26888.88,26621.14,26868.35,7892015141.0,,
2023-05-28,26871.16,28193.45,26802.75,28085.65,14545229578.0,,
2023-05-29,28075.59,28432.04,27563.88,27745.88,15181308984.0,,
2023-05-30,27745.12,28044.76,27588.5,27702.35,13251081851.0,,
2023-05-31,27700.53,27831.68,26866.45,27219.66,15656371534.0,,
2023-06-01,27218.41,27346.11,26671.72,26819.97,14678970415.0,,
2023-06-02,26817.93,27300.0,26505.0,27242.59,983857062.0,,
2023-06-03,27242.59,27333.29,26914.93,27069.22,450588672.0,,
2023-06-04,27069.22,27455.02,26951.0,27115.21,523747237.0,,
2023-06-05,27115.2,27129.33,25388.0,25728.2,1722665798.0,,
2023-06-06,25728.2,27355.33,25351.02,27230.08,1797636024.0,,
2023-06-07,27230.07,27391.77,26125.01,26339.34,1589291468.0,,
2023-06-08,26339.34,26810.0,26210.0,26498.61,823023638.0,,
2023-06-09,26498.62,26783.33,26269.91,26477.81,741158215.0,,
2023-06-10,26477.8,26533.87,25358.0,25841.21,1673795235.0,,
2023-06-11,25841.22,26206.88,25634.7,25925.55,776111472.0,,
2023-06-12,25925.54,26106.48,25602.11,25905.19,773303699.0,,
2023-06-13,25905.2,26433.21,25712.57,25934.25,1068985237.0,,
2023-06-14,25934.24,26098.0,24820.56,25128.6,1152808417.0,,
2023-06-15,25128.6,25759.01,24800.0,25598.49,1224436975.0,,
2023-06-16,25598.49,26518.0,25175.56,26345.0,1335158159.0,,
2023-06-17,26345.01,26839.99,26181.0,26516.99,738491810.0,,
2023-06-18,26516.99,26700.0,26255.85,26339.97,571013014.0,,
2023-06-19,26339.98,27068.09,26256.61,26844.35,954193987.0,,
2023-06-20,26844.35,28402.74,26652.0,28307.99,1912797984.0,,
2023-06-21,28308.0,30800.0,28257.99,29993.89,3210301129.0,,
2023-06-22,29993.89,30500.0,29525.61,29884.92,1775822104.0,,
2023-06-23,29884.92,31431.94,29800.0,30688.5,2265077496.0,,
2023-06-24,30688.51,30800.0,30250.0,30527.43,933244398.0,,
2023-06-25,30527.44,31046.01,30277.49,30462.66,926316644.0,,
2023-06-26,30462.67,30666.0,29930.0,30267.99,1367837658.0,,
2023-06-27,30267.99,30994.97,30226.17,30692.44,1306206257.0,,
2023-06-28,30692.44,30709.74,29858.8,30077.41,1224103638.0,,
2023-06-29,30077.4,30843.98,30049.98,30447.31,1107940390.0,,
2023-06-30,30447.31,31282.0,29500.0,30472.0,2726355506.0,,
2023-07-01,30472.9,30649.9,30329.0,30586.8,22460.0,,
2023-07-02,30586.8,31200.5,30310.2,31050.7,18530.0,,
2023-07-03,31050.7,31120.0,30225.1,30410.3,17245.0,,
2023-07-04,30410.3,30500.6,30110.8,30250.0,15480.0,,
2023-07-05,30250.0,30875.4,30050.2,30790.6,19950.0,,
2023-07-06,30790.6,31100.7,30520.1,30980.4,17820.0,,
2023-07-07,30980.4,31150.8,30555.9,30730.5,16570.0,,
2023-07-08,30730.5,30890.2,30380.0,30640.1,14235.0,,
2023-07-09,30640.1,30720.0,30010.5,30220.7,15890.0,,
2023-07-10,30220.7,30450.3,30005.8,30110.9,13640.0,,
2023-07-11,30110.9,31110.0,30050.0,30950.0,26780.0,,
2023-07-12,30950.0,31320.5,30710.2,31100.8,21200.0,,
2023-07-13,31100.8,31880.0,30900.0,31550.6,28950.0,,
2023-07-14,31550.6,31920.4,31200.1,31780.2,24400.0,,
2023-07-15,31780.2,32150.0,31400.0,31920.5,23000.0,,
2023-07-16,31920.5,32200.0,31650.0,32010.4,22000.0,,
2023-07-17,32010.4,32450.0,31800.0,32345.9,24500.0,,
2023-07-18,32345.9,32700.0,32050.0,32580.3,26000.0,,
2023-07-19,32580.3,32850.0,32200.0,32640.7,25500.0,,
2023-07-20,32640.7,32900.0,32350.0,32790.4,27000.0,,
2023-07-21,32790.4,33050.0,32500.0,32840.6,26500.0,,
2023-07-22,32840.6,33120.0,32600.0,32910.2,25000.0,,
2023-07-23,32910.2,33300.0,32700.0,33150.4,28000.0,,
2023-07-24,33150.4,33550.0,32900.0,33420.1,30000.0,,
2023-07-25,33420.1,33750.0,33200.0,33680.5,31000.0,,
2023-07-26,33680.5,33950.0,33450.0,33820.7,30500.0,,
2023-07-27,33820.7,34100.0,33600.0,33990.3,31500.0,,
2023-07-28,33990.3,34300.0,33800.0,34150.8,32000.0,,
2023-07-29,34150.8,34550.0,34000.0,34420.4,33000.0,,
2023-07-30,34420.4,34800.0,34200.0,34680.9,34000.0,,
2023-07-31,34680.9,35050.0,34500.0,34920.6,35000.0,,
2023-08-01,34920.6,35150.0,34400.0,34780.25,36000.0,,
2023-08-02,34780.25,34900.0,34250.0,34510.4,34000.0,,
2023-08-03,34510.4,34850.0,34100.0,34675.8,33000.0,,
2023-08-04,34675.8,35000.0,34450.0,34920.15,35000.0,,
2023-08-05,34920.15,35200.0,34600.0,35080.6,37000.0,,
2023-08-06,35080.6,35350.0,34800.0,35240.1,38000.0,,
2023-08-07,35240.1,35400.0,34950.0,35060.3,36000.0,,
2023-08-08,35060.3,35200.0,34650.0,34820.75,34000.0,,
2023-08-09,34820.75,35000.0,34500.0,34710.2,33000.0,,
2023-08-10,34710.2,34950.0,34300.0,34480.9,32000.0,,
2023-08-11,34480.9,34700.0,34050.0,34210.4,30000.0,,
2023-08-12,34210.4,34450.0,33800.0,34050.7,29000.0,,
2023-08-13,34050.7,34300.0,33750.0,33980.1,28000.0,,
2023-08-14,33980.1,34200.0,33650.0,33890.6,27000.0,,
2023-08-15,33890.6,34150.0,33500.0,33740.2,26000.0,,
2023-08-16,33740.2,33900.0,33250.0,33480.75,25000.0,,
2023-08-17,33480.75,33650.0,33000.0,33210.4,26000.0,,
2023-08-18,33210.4,33450.0,32800.0,33050.1,27000.0,,
2023-08-19,33050.1,33200.0,32650.0,32890.6,28000.0,,
2023-08-20,32890.6,33100.0,32500.0,32740.2,29000.0,,
2023-08-21,32740.2,32950.0,32400.0,32610.75,30000.0,,
2023-08-22,32610.75,32850.0,32250.0,32480.3,31000.0,,
2023-08-23,32480.3,32700.0,32000.0,32310.9,32000.0,,
2023-08-24,32310.9,32550.0,31850.0,32140.5,33000.0,,
2023-08-25,32140.5,32300.0,31600.0,31980.2,34000.0,,
2023-08-26,31980.2,32200.0,31450.0,31810.75,35000.0,,
2023-08-27,31810.75,32050.0,31200.0,31640.3,36000.0,,
2023-08-28,31640.3,31900.0,31050.0,31480.9,37000.0,,
2023-08-29,31480.9,31750.0,30900.0,31310.4,38000.0,,
2023-08-30,31310.4,31600.0,30850.0,31150.1,39000.0,,
2023-08-31,31150.1,31450.0,30600.0,30980.7,40000.0,,
2023-09-01,30980.7,31250.0,30500.0,30840.3,41000.0,,
2023-09-02,30840.3,31100.0,30450.0,30710.9,40500.0,,
2023-09-03,30710.9,30950.0,30300.0,30580.2,40000.0,,
2023-09-04,30580.2,30800.0,30150.0,30450.75,39500.0,,
2023-09-05,30450.75,30700.0,30000.0,30320.4,39000.0,,
2023-09-06,30320.4,30550.0,29850.0,30190.1,38500.0,,
2023-09-07,30190.1,30400.0,29700.0,30060.8,38000.0,,
2023-09-08,30060.8,30300.0,29600.0,29930.5,37500.0,,
2023-09-09,29930.5,30150.0,29500.0,29800.2,37000.0,,
2023-09-10,29800.2,30050.0,29400.0,29670.9,36500.0,,
2023-09-11,29670.9,29900.0,29300.0,29540.6,36000.0,,
2023-09-12,29540.6,29750.0,29200.0,29410.3,35500.0,,
2023-09-13,29410.3,29650.0,29100.0,29280.1,35000.0,,
2023-09-14,29280.1,29500.0,28950.0,29150.75,34500.0,,
2023-09-15,29150.75,29400.0,28800.0,29020.4,34000.0,,
2023-09-16,29020.4,29300.0,28650.0,28890.1,33500.0,,
2023-09-17,28890.1,29150.0,28500.0,28760.8,33000.0,,
2023-09-18,28760.8,29000.0,28350.0,28630.5,32500.0,,
2023-09-19,28630.5,28900.0,28200.0,28500.2,32000.0,,
2023-09-20,28500.2,28850.0,28050.0,28370.9,31500.0,,
2023-09-21,28370.9,28700.0,27900.0,28240.6,31000.0,,
2023-09-22,28240.6,28600.0,27750.0,28110.3,30500.0,,
2023-09-23,28110.3,28450.0,27600.0,27980.1,30000.0,,
2023-09-24,27980.1,28300.0,27450.0,27850.75,29500.0,,
2023-09-25,27850.75,28200.0,27300.0,27720.4,29000.0,,
2023-09-26,27720.4,28050.0,27150.0,27590.1,28500.0,,
2023-09-27,27590.1,27900.0,27000.0,27460.8,28000.0,,
2023-09-28,27460.8,27800.0,26850.0,27330.5,27500.0,,
2023-09-29,27330.5,27650.0,26700.0,27200.2,27000.0,,
2023-09-30,27200.2,27500.0,26550.0,27070.9,26500.0,,
2023-10-01,27070.9,27350.0,26800.0,27240.3,27000.0,,
2023-10-02,27240.3,27600.0,27050.0,27480.9,28000.0,,
2023-10-03,27480.9,27900.0,27300.0,27820.4,30000.0,,
2023-10-04,27820.4,28250.0,27650.0,28160.1,32000.0,,
2023-10-05,28160.1,28600.0,28000.0,28490.7,34000.0,,
2023-10-06,28490.7,28950.0,28300.0,28830.2,36000.0,,
2023-10-07,28830.2,29200.0,28650.0,29170.9,38000.0,,
2023-10-08,29170.9,29550.0,29000.0,29410.4,39000.0,,
2023-10-09,29410.4,29800.0,29250.0,29680.8,41000.0,,
2023-10-10,29680.8,30200.0,29500.0,30090.5,45000.0,,
2023-10-11,30090.5,30750.0,29900.0,30540.2,50000.0,,
2023-10-12,30540.2,31200.0,30400.0,31080.9,55000.0,,
2023-10-13,31080.9,31850.0,30900.0,31570.4,60000.0,,
2023-10-14,31570.4,32300.0,31450.0,32010.8,58000.0,,
2023-10-15,32010.8,32650.0,31800.0,32480.3,56000.0,,
2023-10-16,32480.3,33200.0,32300.0,32940.9,54000.0,,
2023-10-17,32940.9,33900.0,32800.0,33580.4,60000.0,,
2023-10-18,33580.4,34700.0,33400.0,34210.9,65000.0,,
2023-10-19,34210.9,35450.0,34050.0,35140.5,70000.0,,
2023-10-20,35140.5,36800.0,34900.0,36580.2,90000.0,,
2023-10-21,36580.2,37450.0,36000.0,37240.8,85000.0,,
2023-10-22,37240.8,37900.0,36850.0,37690.4,82000.0,,
2023-10-23,37690.4,38400.0,37200.0,38120.9,80000.0,,
2023-10-24,38120.9,38950.0,37850.0,38560.3,78000.0,,
2023-10-25,38560.3,39400.0,38200.0,39080.7,76000.0,,
2023-10-26,39080.7,40150.0,38800.0,39840.2,85000.0,,
2023-10-27,39840.2,41200.0,39500.0,40590.8,90000.0,,
2023-10-28,40590.8,41850.0,40200.0,41230.4,88000.0,,
2023-10-29,41230.4,42500.0,40800.0,41980.9,92000.0,,
2023-10-30,41980.9,43200.0,41500.0,42740.5,95000.0,,
2023-10-31,42740.5,44150.0,42300.0,43580.2,98000.0,,
2023-11-01,43580.2,44200.0,43050.0,43890.3,102000.0,,
2023-11-02,43890.3,44550.0,43500.0,44210.9,105000.0,,
2023-11-03,44210.9,44900.0,44000.0,44680.5,108000.0,,
2023-11-04,44680.5,45350.0,44400.0,45090.2,110000.0,,
2023-11-05,45090.2,45800.0,44900.0,45570.4,115000.0,,
2023-11-06,45570.4,46300.0,45200.0,45980.3,118000.0,,
2023-11-07,45980.3,46650.0,45700.0,46320.9,120000.0,,
2023-11-08,46320.9,47100.0,46100.0,46850.1,123000.0,,
2023-11-09,46850.1,47580.0,46600.0,47290.8,125000.0,,
2023-11-10,47290.8,48000.0,47050.0,47720.4,130000.0,,
2023-11-11,47720.4,48550.0,47500.0,48210.9,135000.0,,
2023-11-12,48210.9,49000.0,48000.0,48750.3,138000.0,,
2023-11-13,48750.3,49600.0,48500.0,49220.1,140000.0,,
2023-11-14,49220.1,50050.0,49000.0,49760.8,142000.0,,
2023-11-15,49760.8,50600.0,49500.0,50290.4,145000.0,,
2023-11-16,50290.4,51150.0,50000.0,50780.9,148000.0,,
2023-11-17,50780.9,51600.0,50550.0,51240.2,150000.0,,
2023-11-18,51240.2,52100.0,51000.0,51780.6,152000.0,,
2023-11-19,51780.6,52650.0,51500.0,52290.3,155000.0,,
2023-11-20,52290.3,53100.0,52000.0,52780.9,158000.0,,
2023-11-21,52780.9,53650.0,52550.0,53310.5,160000.0,,
2023-11-22,53310.5,54200.0,53000.0,53890.2,162000.0,,
2023-11-23,53890.2,54750.0,53600.0,54380.9,165000.0,,
2023-11-24,54380.9,55200.0,54050.0,54890.3,168000.0,,
2023-11-25,54890.3,55750.0,54600.0,55380.7,170000.0,,
2023-11-26,55380.7,56200.0,55000.0,55850.4,172000.0,,
2023-11-27,55850.4,56750.0,55600.0,56320.8,175000.0,,
2023-11-28,56320.8,57200.0,56000.0,56810.5,178000.0,,
2023-11-29,56810.5,57750.0,56500.0,57290.2,180000.0,,
2023-11-30,57290.2,58100.0,57000.0,57780.9,182000.0,,
2023-12-01,57780.9,58500.0,57200.0,58120.4,185000.0,,
2023-12-02,58120.4,58900.0,57650.0,58690.2,188000.0,,
2023-12-03,58690.2,59250.0,58000.0,58980.7,186000.0,,
2023-12-04,58980.7,59500.0,58200.0,59140.3,184000.0,,
2023-12-05,59140.3,59850.0,58500.0,59620.8,190000.0,,
2023-12-06,59620.8,60400.0,59000.0,60180.5,195000.0,,
2023-12-07,60180.5,61050.0,59600.0,60790.1,200000.0,,
2023-12-08,60790.1,61500.0,60200.0,61140.4,198000.0,,
2023-12-09,61140.4,61800.0,60650.0,61480.9,196000.0,,
2023-12-10,61480.9,62050.0,60800.0,61720.6,194000.0,,
2023-12-11,61720.6,62300.0,61050.0,61980.2,192000.0,,
2023-12-12,61980.2,62650.0,61300.0,62240.8,190000.0,,
2023-12-13,62240.8,62900.0,61600.0,62510.3,188000.0,,
2023-12-14,62510.3,63250.0,61850.0,62890.7,186000.0,,
2023-12-15,62890.7,63600.0,62100.0,63320.4,185000.0,,
2023-12-16,63320.4,64050.0,62600.0,63780.9,184000.0,,
2023-12-17,63780.9,64500.0,63100.0,64120.3,183000.0,,
2023-12-18,64120.3,64850.0,63400.0,64480.7,182000.0,,
2023-12-19,64480.7,65200.0,63850.0,64810.2,181000.0,,
2023-12-20,64810.2,65650.0,64200.0,65190.6,180000.0,,
2023-12-21,65190.6,66000.0,64550.0,65540.1,179000.0,,
2023-12-22,65540.1,66450.0,64900.0,65890.5,178000.0,,
2023-12-23,65890.5,66800.0,65200.0,66210.9,177000.0,,
2023-12-24,66210.9,67150.0,65550.0,66580.3,176000.0,,
2023-12-25,66580.3,67500.0,65800.0,66920.8,175000.0,,
2023-12-26,66920.8,67850.0,66150.0,67240.2,174000.0,,
2023-12-27,67240.2,68200.0,66500.0,67590.6,173000.0,,
2023-12-28,67590.6,68550.0,66850.0,67920.1,172000.0,,
2023-12-29,67920.1,68900.0,67200.0,68480.4,171000.0,,
2023-12-30,68480.4,69350.0,67650.0,68920.8,170000.0,,
2023-12-31,68920.8,70200.0,68000.0,69580.3,175000.0,,
2024-01-01,69580.3,70250.0,69000.0,69840.9,180000.0,,
2024-01-02,69840.9,70500.0,69250.0,70120.4,182000.0,,
2024-01-03,70120.4,70850.0,69500.0,70490.2,185000.0,,
2024-01-04,70490.2,71200.0,69850.0,70980.7,188000.0,,
2024-01-05,70980.7,71800.0,70400.0,71540.3,192000.0,,
2024-01-06,71540.3,72250.0,70850.0,71980.8,195000.0,,
2024-01-07,71980.8,72800.0,71200.0,72410.5,198000.0,,
2024-01-08,72410.5,73500.0,71800.0,73120.1,205000.0,,
2024-01-09,73120.1,74200.0,72650.0,73890.4,210000.0,,
2024-01-10,73890.4,74850.0,73200.0,74480.9,215000.0,,
2024-01-11,74480.9,75600.0,73900.0,75210.3,220000.0,,
2024-01-12,75210.3,76450.0,74600.0,75980.7,225000.0,,
2024-01-13,75980.7,77200.0,75350.0,76640.2,228000.0,,
2024-01-14,76640.2,78100.0,76000.0,77490.6,235000.0,,
2024-01-15,77490.6,79250.0,76850.0,78920.1,245000.0,,
2024-01-16,78920.1,80500.0,78000.0,80140.5,260000.0,,
2024-01-17,80140.5,82200.0,79250.0,81580.9,280000.0,,
2024-01-18,81580.9,84250.0,80800.0,83540.3,300000.0,,
2024-01-19,83540.3,87200.0,82800.0,86590.7,340000.0,,
2024-01-20,86590.7,89250.0,85000.0,88120.4,360000.0,,
2024-01-21,88120.4,90500.0,87000.0,89640.9,380000.0,,
2024-01-22,89640.9,92800.0,88500.0,92180.3,420000.0,,
2024-01-23,92180.3,95500.0,91000.0,94890.7,450000.0,,
2024-01-24,94890.7,97800.0,93500.0,96940.2,480000.0,,
2024-01-25,96940.2,100500.0,95800.0,99840.6,520000.0,,
2024-01-26,99840.6,104200.0,98500.0,103120.1,600000.0,,
2024-01-27,103120.1,107800.0,101500.0,106940.5,680000.0,,
2024-01-28,106940.5,110600.0,104800.0,109780.9,720000.0,,
2024-01-29,109780.9,113200.0,107500.0,111920.3,760000.0,,
2024-01-30,111920.3,115800.0,109800.0,114480.7,800000.0,,
2024-01-31,114480.7,118500.0,112000.0,117920.4,850000.0,,
2024-02-01,117920.4,121500.0,115800.0,120240.8,900000.0,,
2024-02-02,120240.8,124200.0,118900.0,123680.2,920000.0,,
2024-02-03,123680.2,126800.0,121500.0,125910.7,940000.0,,
2024-02-04,125910.7,129500.0,123800.0,128340.1,960000.0,,
2024-02-05,128340.1,132200.0,125600.0,130980.5,980000.0,,
2024-02-06,130980.5,135800.0,128400.0,134120.9,1020000.0,,
2024-02-07,134120.9,139000.0,131500.0,137680.3,1050000.0,,
2024-02-08,137680.3,143200.0,135000.0,141940.7,1100000.0,,
2024-02-09,141940.7,147500.0,139800.0,145820.1,1150000.0,,
2024-02-10,145820.1,150800.0,142500.0,148960.4,1180000.0,,
2024-02-11,148960.4,153900.0,145200.0,151740.9,1200000.0,,
2024-02-12,151740.9,157500.0,148900.0,155620.3,1220000.0,,
2024-02-13,155620.3,161200.0,152800.0,159480.7,1240000.0,,
2024-02-14,159480.7,165000.0,156500.0,163920.2,1260000.0,,
2024-02-15,163920.2,169800.0,160200.0,167480.6,1280000.0,,
2024-02-16,167480.6,174500.0,164300.0,171240.1,1300000.0,,
2024-02-17,171240.1,179200.0,168000.0,176980.5,1350000.0,,
2024-02-18,176980.5,183800.0,172500.0,181420.9,1400000.0,,
2024-02-19,181420.9,188500.0,177000.0,185760.3,1450000.0,,
2024-02-20,185760.3,193200.0,181500.0,190480.7,1500000.0,,
2024-02-21,190480.7,198800.0,186200.0,195920.1,1550000.0,,
2024-02-22,195920.1,204500.0,191500.0,201840.4,1600000.0,,
2024-02-23,201840.4,209800.0,197200.0,206780.9,1650000.0,,
2024-02-24,206780.9,214200.0,202500.0,211940.3,1700000.0,,
2024-02-25,211940.3,219500.0,207800.0,216820.7,1750000.0,,
2024-02-26,216820.7,224800.0,212900.0,221980.2,1800000.0,,
2024-02-27,221980.2,229500.0,217500.0,226740.6,1850000.0,,
2024-02-28,226740.6,234200.0,221800.0,231480.1,1900000.0,,
2024-02-29,231480.1,239800.0,226500.0,236920.4,1950000.0,,
2024-03-01,236920.4,245800.0,232000.0,241760.8,2000000.0,,
2024-03-02,241760.8,249900.0,238200.0,247380.2,2050000.0,,
2024-03-03,247380.2,256400.0,243500.0,252940.7,2100000.0,,
2024-03-04,252940.7,261800.0,249000.0,258120.1,2150000.0,,
2024-03-05,258120.1,269500.0,253600.0,264980.5,2200000.0,,
2024-03-06,264980.5,276800.0,260400.0,271340.9,2250000.0,,
2024-03-07,271340.9,285000.0,266500.0,279680.3,2300000.0,,
2024-03-08,279680.3,292500.0,274000.0,287940.7,2350000.0,,
2024-03-09,287940.7,301800.0,282500.0,296820.1,2400000.0,,
2024-03-10,296820.1,309900.0,290500.0,304960.4,2450000.0,,
2024-03-11,304960.4,319500.0,298200.0,312740.9,2500000.0,,
2024-03-12,312740.9,328200.0,305900.0,321620.3,2550000.0,,
2024-03-13,321620.3,339800.0,315200.0,330480.7,2600000.0,,
2024-03-14,330480.7,349500.0,323500.0,338920.2,2650000.0,,
2024-03-15,338920.2,361800.0,331000.0,352480.6,2700000.0,,
2024-03-16,352480.6,374500.0,343300.0,366240.1,2750000.0,,
2024-03-17,366240.1,389200.0,356000.0,381980.5,2800000.0,,
2024-03-18,381980.5,405800.0,370500.0,397420.9,2850000.0,,
2024-03-19,397420.9,424500.0,386000.0,413760.3,2900000.0,,
2024-03-20,413760.3,441800.0,401500.0,428480.7,2950000.0,,
2024-03-21,428480.7,458800.0,415200.0,445920.1,3000000.0,,
2024-03-22,445920.1,479500.0,431500.0,462840.4,3050000.0,,
2024-03-23,462840.4,497800.0,447200.0,479780.9,3100000.0,,
2024-03-24,479780.9,514200.0,462500.0,496940.3,3150000.0,,
2024-03-25,496940.3,532500.0,478800.0,514820.7,3200000.0,,
2024-03-26,514820.7,549800.0,495900.0,531980.2,3250000.0,,
2024-03-27,531980.2,564500.0,512500.0,547740.6,3300000.0,,
2024-03-28,547740.6,582200.0,527800.0,564480.1,3350000.0,,
2024-03-29,564480.1,599800.0,543500.0,581920.4,3400000.0,,
2024-03-30,581920.4,619500.0,559200.0,598760.8,3450000.0,,
2024-03-31,598760.8,642800.0,575000.0,621380.2,3500000.0,,
2024-04-01,621380.2,658900.0,598200.0,641820.4,3600000.0,,
2024-04-02,641820.4,684500.0,620300.0,669240.8,3650000.0,,
2024-04-03,669240.8,712800.0,646100.0,701480.2,3700000.0,,
2024-04-04,701480.2,744900.0,678200.0,729840.6,3750000.0,,
2024-04-05,729840.6,778500.0,704500.0,762940.1,3800000.0,,
2024-04-06,762940.1,812300.0,735000.0,796380.5,3850000.0,,
2024-04-07,796380.5,848900.0,766800.0,832740.9,3900000.0,,
2024-04-08,832740.9,889500.0,800200.0,871260.3,3950000.0,,
2024-04-09,871260.3,938400.0,835500.0,912840.7,4000000.0,,
2024-04-10,912840.7,1004200.0,878300.0,973480.1,4050000.0,,
2024-04-11,973480.1,1085800.0,934000.0,1049720.4,4100000.0,,
2024-04-12,1049720.4,1189200.0,1002800.0,1146480.8,4150000.0,,
2024-04-13,1146480.8,1275000.0,1098000.0,1219840.2,4200000.0,,
2024-04-14,1219840.2,1337800.0,1162000.0,1286420.6,4250000.0,,
2024-04-15,1286420.6,1423500.0,1220000.0,1359840.1,4300000.0,,
2024-04-16,1359840.1,1489000.0,1295000.0,1427420.5,4350000.0,,
2024-04-17,1427420.5,1563000.0,1352000.0,1489260.9,4400000.0,,
2024-04-18,1489260.9,1628400.0,1405000.0,1537420.3,4450000.0,,
2024-04-19,1537420.3,1699000.0,1458000.0,1589420.7,4500000.0,,
2024-04-20,1589420.7,1774800.0,1503000.0,1647280.1,4550000.0,,
2024-04-21,1647280.1,1855000.0,1550000.0,1709840.4,4600000.0,,
2024-04-22,1709840.4,1939000.0,1592000.0,1767420.8,4650000.0,,
2024-04-23,1767420.8,2026000.0,1640000.0,1829640.2,4700000.0,,
2024-04-24,1829640.2,2117800.0,1685000.0,1898420.6,4750000.0,,
2024-04-25,1898420.6,2215000.0,1732000.0,1973840.1,4800000.0,,
2024-04-26,1973840.1,2319000.0,1780000.0,2049820.5,4850000.0,,
2024-04-27,2049820.5,2438000.0,1827000.0,2134960.9,4900000.0,,
2024-04-28,2134960.9,2562000.0,1875000.0,2219420.3,4950000.0,,
2024-04-29,2219420.3,2699000.0,1920000.0,2307840.7,5000000.0,,
2024-04-30,2307840.7,2855000.0,1968000.0,2399820.1,5050000.0,,
2024-05-01,2399820.1,2984000.0,2280000.0,2718400.4,5200000.0,,
2024-05-02,2718400.4,3329000.0,2585000.0,3145600.8,5300000.0,,
2024-05-03,3145600.8,3795000.0,2980000.0,3564200.2,5400000.0,,
2024-05-04,3564200.2,4188000.0,3324000.0,3952840.6,5500000.0,,
2024-05-05,3952840.6,4625000.0,3689000.0,4379120.1,5600000.0,,
2024-05-06,4379120.1,5123000.0,4085000.0,4867380.5,5700000.0,,
2024-05-07,4867380.5,5759000.0,4532000.0,5482960.9,5800000.0,,
2024-05-08,5482960.9,6428000.0,5120000.0,6037420.3,5900000.0,,
2024-05-09,6037420.3,7185000.0,5625000.0,6752840.7,6000000.0,,
2024-05-10,6752840.7,7984000.0,6303000.0,7489820.1,6100000.0,,
2024-05-11,7489820.1,8920000.0,6980000.0,8367420.4,6200000.0,,
2024-05-12,8367420.4,10128000.0,7810000.0,9472840.8,6300000.0,,
2024-05-13,9472840.8,11496000.0,8840000.0,10628420.2,6400000.0,,
2024-05-14,10628420.2,13080000.0,9900000.0,11864280.6,6500000.0,,
2024-05-15,11864280.6,14890000.0,11020000.0,13598420.1,6600000.0,,
2024-05-16,13598420.1,16950000.0,12500000.0,15474280.5,6700000.0,,
2024-05-17,15474280.5,19280000.0,14120000.0,17549260.9,6800000.0,,
2024-05-18,17549260.9,21940000.0,15980000.0,19984220.3,6900000.0,,
2024-05-19,19984220.3,25180000.0,18150000.0,22878420.7,7000000.0,,
2024-05-20,22878420.7,29050000.0,20500000.0,26498220.1,7100000.0,,
2024-05-21,26498220.1,33780000.0,23000000.0,30964280.4,7200000.0,,
2024-05-22,30964280.4,39250000.0,25800000.0,36174280.8,7300000.0,,
2024-05-23,36174280.8,45790000.0,28900000.0,42296420.2,7400000.0,,
2024-05-24,42296420.2,53680000.0,32400000.0,49284280.6,7500000.0,,
2024-05-25,49284280.6,63450000.0,36300000.0,58198420.1,7600000.0,,
2024-05-26,58198420.1,75920000.0,40800000.0,69774280.5,7700000.0,,
2024-05-27,69774280.5,91230000.0,46000000.0,84849260.9,7800000.0,,
2024-05-28,84849260.9,110000000.0,52000000.0,102984220.3,7900000.0,,
2024-05-29,102984220.3,135000000.0,59000000.0,121078420.7,8000000.0,,
2024-05-30,121078420.7,170000000.0,67000000.0,146498220.1,8100000.0,,
2024-05-31,146498220.1,220000000.0,75000000.0,182764280.4,8200000.0,,
2024-06-01,182764280.4,240000000.0,120000000.0,198420300.1,8300000.0,,
2024-06-02,198420300.1,255000000.0,145000000.0,212984420.5,8350000.0,,
2024-06-03,212984420.5,268000000.0,160000000.0,226742980.9,8400000.0,,
2024-06-04,226742980.9,280000000.0,175000000.0,238498220.3,8450000.0,,
2024-06-05,238498220.3,295000000.0,190000000.0,252784420.7,8500000.0,,
2024-06-06,252784420.7,310000000.0,205000000.0,267498220.1,8550000.0,,
2024-06-07,267498220.1,330000000.0,220000000.0,284764280.4,8600000.0,,
2024-06-08,284764280.4,355000000.0,235000000.0,304642980.8,8650000.0,,
2024-06-09,304642980.8,380000000.0,250000000.0,328742980.2,8700000.0,,
2024-06-10,328742980.2,410000000.0,270000000.0,356984420.6,8750000.0,,
2024-06-11,356984420.6,445000000.0,290000000.0,388742980.1,8800000.0,,
2024-06-12,388742980.1,485000000.0,315000000.0,426984420.5,8850000.0,,
2024-06-13,426984420.5,535000000.0,340000000.0,468742980.9,8900000.0,,
2024-06-14,468742980.9,590000000.0,370000000.0,514498220.3,8950000.0,,
2024-06-15,514498220.3,650000000.0,405000000.0,568784420.7,9000000.0,,
2024-06-16,568784420.7,720000000.0,445000000.0,632498220.1,9050000.0,,
2024-06-17,632498220.1,800000000.0,490000000.0,704764280.4,9100000.0,,
2024-06-18,704764280.4,895000000.0,540000000.0,792642980.8,9150000.0,,
2024-06-19,792642980.8,1010000000.0,600000000.0,896742980.2,9200000.0,,
2024-06-20,896742980.2,1150000000.0,665000000.0,1026984420.6,9250000.0,,
2024-06-21,1026984420.6,1320000000.0,740000000.0,1198742980.1,9300000.0,,
2024-06-22,1198742980.1,1530000000.0,830000000.0,1386984420.5,9350000.0,,
2024-06-23,1386984420.5,1790000000.0,930000000.0,1628742980.9,9400000.0,,
2024-06-24,1628742980.9,2100000000.0,1050000000.0,1914498220.3,9450000.0,,
2024-06-25,1914498220.3,2500000000.0,1200000000.0,2278784420.7,9500000.0,,
2024-06-26,2278784420.7,3000000000.0,1400000000.0,2732498220.1,9550000.0,,
2024-06-27,2732498220.1,3650000000.0,1650000000.0,3324764280.4,9600000.0,,
2024-06-28,3324764280.4,4500000000.0,1950000000.0,4017642980.8,9650000.0,,
2024-06-29,4017642980.8,5600000000.0,2300000000.0,4828742980.2,9700000.0,,
2024-06-30,4828742980.2,7200000000.0,2700000000.0,5984984420.6,9750000.0,,
2024-07-01,63235.63,64098.96,62300.0,63850.0,35000000000.0,,
2024-07-02,63850.0,64500.0,62500.0,63700.0,34000000000.0,,
2024-07-03,63700.0,65000.0,63000.0,64580.0,36000000000.0,,
2024-07-04,64580.0,65500.0,64000.0,65020.0,33000000000.0,,
2024-07-05,65020.0,66000.0,64500.0,65600.0,32000000000.0,,
2024-07-06,65600.0,66500.0,65050.0,66120.0,31000000000.0,,
2024-07-07,66120.0,67000.0,65550.0,66830.0,30500000000.0,,
2024-07-08,66830.0,67800.0,66200.0,67420.0,30000000000.0,,
2024-07-09,67420.0,68400.0,67000.0,68110.0,29500000000.0,,
2024-07-10,68110.0,69100.0,67500.0,68720.0,29000000000.0,,
2024-07-11,68720.0,69750.0,68000.0,69330.0,28500000000.0,,
2024-07-12,69330.0,70300.0,68500.0,69840.0,28000000000.0,,
2024-07-13,69840.0,70800.0,69050.0,70250.0,27500000000.0,,
2024-07-14,70250.0,71250.0,69500.0,70860.0,27000000000.0,,
2024-07-15,70860.0,71800.0,70200.0,71370.0,26500000000.0,,
2024-07-16,71370.0,72350.0,70800.0,71890.0,26000000000.0,,
2024-07-17,71890.0,72900.0,71250.0,72400.0,25500000000.0,,
2024-07-18,72400.0,73450.0,71800.0,73020.0,25000000000.0,,
2024-07-19,73020.0,74080.0,72500.0,73540.0,24500000000.0,,
2024-07-20,73540.0,74700.0,72800.0,74200.0,24000000000.0,,
2024-07-21,74200.0,75250.0,73500.0,74780.0,23500000000.0,,
2024-07-22,74780.0,75800.0,74000.0,75290.0,23000000000.0,,
2024-07-23,75290.0,76320.0,74550.0,75810.0,22500000000.0,,
2024-07-24,75810.0,77000.0,75000.0,76520.0,22000000000.0,,
2024-07-25,76520.0,77580.0,75800.0,77130.0,21500000000.0,,
2024-07-26,77130.0,78300.0,76500.0,77750.0,21000000000.0,,
2024-07-27,77750.0,78900.0,77000.0,78380.0,20500000000.0,,
2024-07-28,78380.0,80300.0,77500.0,79820.0,22000000000.0,,
2024-07-29,79820.0,69987.54,66532.59,66819.92,40780682628.0,,
2024-07-30,66819.92,66987.67,65323.19,66201.02,31380492109.0,,
2024-07-31,66201.02,66810.21,64532.05,64619.25,31292785994.0,,
2024-08-01,58969.9,60250.0,58000.0,59580.1,22000000000.0,,
2024-08-02,59580.1,60900.0,59000.0,60120.3,21500000000.0,,
2024-08-03,60120.3,61500.0,59500.0,60840.7,21000000000.0,,
2024-08-04,60840.7,62200.0,60500.0,61820.9,20500000000.0,,
2024-08-05,61820.9,63100.0,61000.0,62750.4,20000000000.0,,
2024-08-06,62750.4,64000.0,62000.0,63580.2,19500000000.0,,
2024-08-07,63580.2,64800.0,63000.0,64350.8,19000000000.0,,
2024-08-08,64350.8,65500.0,63800.0,65020.1,18500000000.0,,
2024-08-09,65020.1,66500.0,64500.0,65890.6,18000000000.0,,
2024-08-10,65890.6,67000.0,65000.0,66520.4,17500000000.0,,
2024-08-11,66520.4,67500.0,66000.0,67130.8,17000000000.0,,
2024-08-12,67130.8,68200.0,66600.0,67810.2,16500000000.0,,
2024-08-13,67810.2,68900.0,67000.0,68450.3,16000000000.0,,
2024-08-14,68450.3,69500.0,68000.0,69120.7,15500000000.0,,
2024-08-15,69120.7,70100.0,68500.0,69780.1,15000000000.0,,
2024-08-16,69780.1,70600.0,69000.0,70250.4,14500000000.0,,
2024-08-17,70250.4,71000.0,69500.0,70720.8,14000000000.0,,
2024-08-18,70720.8,71600.0,70000.0,71290.1,13500000000.0,,
2024-08-19,71290.1,72200.0,70600.0,71840.2,13000000000.0,,
2024-08-20,71840.2,72800.0,71000.0,72310.5,12500000000.0,,
2024-08-21,72310.5,73200.0,71500.0,72820.9,12000000000.0,,
2024-08-22,72820.9,73700.0,72000.0,73340.3,11500000000.0,,
2024-08-23,73340.3,74200.0,72500.0,73850.6,11000000000.0,,
2024-08-24,73850.6,74700.0,73000.0,74320.9,10500000000.0,,
2024-08-25,74320.9,75200.0,73500.0,74830.2,10000000000.0,,
2024-08-26,74830.2,75700.0,74000.0,75340.5,9500000000.0,,
2024-08-27,75340.5,76200.0,74500.0,75810.8,9000000000.0,,
2024-08-28,75810.8,76700.0,75000.0,76320.1,8500000000.0,,
2024-08-29,76320.1,77200.0,75500.0,76840.4,8000000000.0,,
2024-08-30,76840.4,77700.0,76000.0,77350.9,7500000000.0,,
2024-08-31,77350.9,78200.0,76500.0,77960.3,7000000000.0,,
2024-09-01,58974.0,59076.59,57201.0,57301.86,1202177000.0,,
2024-09-02,57301.77,59425.69,57128.0,59132.13,1333092000.0,,
2024-09-03,59132.12,59809.65,57415.0,57487.73,1335077000.0,,
2024-09-04,57487.74,58519.0,55606.0,57970.9,2027631000.0,,
2024-09-05,57970.9,58327.07,55643.65,56180.0,1577771000.0,,
2024-09-06,56180.0,58152.0,55890.0,57690.01,1213900000.0,,
2024-09-07,57690.01,58685.0,57320.0,58410.0,784220000.0,,
2024-09-08,58410.0,59010.0,57850.0,58872.33,641800000.0,,
2024-09-09,58872.33,59755.0,58230.0,59480.0,1152300000.0,,
2024-09-10,59480.0,60620.0,59010.0,60310.0,1420150000.0,,
2024-09-11,60310.0,61180.0,59840.0,60790.0,1398820000.0,,
2024-09-12,60790.0,61840.0,60300.0,61520.0,1684500000.0,,
2024-09-13,61520.0,62310.0,61010.0,62080.0,1769300000.0,,
2024-09-14,62080.0,62940.0,61820.0,62650.0,1643000000.0,,
2024-09-15,62650.0,63280.0,62130.0,62920.0,1527700000.0,,
2024-09-16,62920.0,64010.0,62450.0,63680.0,1876200000.0,,
2024-09-17,63680.0,64550.0,63040.0,64230.0,1943500000.0,,
2024-09-18,64230.0,65210.0,63720.0,64980.0,2014400000.0,,
2024-09-19,64980.0,65890.0,64310.0,65540.0,2103000000.0,,
2024-09-20,65540.0,66210.0,64720.0,65980.0,1986500000.0,,
2024-09-21,65980.0,66540.0,65210.0,66250.0,1759300000.0,,
2024-09-22,66250.0,66830.0,65580.0,66610.0,1632000000.0,,
2024-09-23,66610.0,67390.0,66040.0,67080.0,1821000000.0,,
2024-09-24,67080.0,67840.0,66510.0,67520.0,1904500000.0,,
2024-09-25,67520.0,68230.0,66890.0,67980.0,2053000000.0,,
2024-09-26,63152.01,65839.0,62670.0,65173.99,1831205000.0,,
2024-09-27,65173.99,66498.0,64819.9,65769.95,1448852000.0,,
2024-09-28,65769.95,66260.0,65422.23,65858.0,600118500.0,,
2024-09-29,65858.0,66076.12,65432.0,65602.01,547980000.0,,
2024-09-30,65602.01,65618.8,62856.3,63327.59,1920250000.0,,
2024-10-01,63327.6,64130.63,60164.0,60805.78,43671.48108,,57.59
2024-10-02,60804.92,62390.31,60000.0,60649.28,31534.70118,,57.59
2024-10-03,60649.27,61477.19,59828.11,60752.71,26221.43472,,57.54
2024-10-04,60752.72,62484.85,60459.9,62086.0,21294.65994,,57.54
2024-10-05,62086.0,62370.56,61689.26,62058.0,7807.46141,,57.54
2024-10-06,62058.01,62975.0,61798.97,62819.91,8906.86177,,57.54
2024-10-07,62819.91,64478.19,62128.0,62224.0,25966.1852,,57.54
2024-10-08,62224.01,63200.0,61860.31,62160.49,19702.22371,,57.54
2024-10-09,62160.5,62543.75,60301.0,60636.02,20011.15684,,57.54
2024-10-10,60636.01,61321.68,58946.0,60326.39,23967.92481,,57.54
2024-10-11,60326.4,63417.56,60087.64,62540.0,23641.35209,,57.54
2024-10-12,62539.99,63480.0,62487.23,63206.22,10911.30116,,57.54
2024-10-13,63206.23,63285.72,62050.0,62870.02,11909.21995,,57.54
2024-10-14,62870.02,66500.0,62457.81,66083.99,37669.95222,,57.54
2024-10-15,66084.0,67950.0,64800.01,67074.14,43683.95423,,57.54
2024-10-16,67074.14,68424.0,66750.49,67620.01,29938.25544,,57.54
2024-10-17,67620.0,67939.4,66666.0,67421.78,25328.22861,,57.54
2024-10-18,67421.78,69000.0,67192.36,68428.0,28725.635,,57.55
2024-10-19,68427.99,68693.26,68010.0,68378.0,8193.66737,,57.55
2024-10-20,68377.99,69400.0,68100.0,69031.99,12442.47378,,57.55
2024-10-21,69032.0,69519.52,66840.67,67377.5,31374.42184,,57.55
2024-10-22,67377.5,67836.01,66571.42,67426.0,24598.96268,,57.55
2024-10-23,67426.01,67472.83,65260.0,66668.65,25530.2407,,57.58
2024-10-24,66668.65,68850.0,66510.0,68198.28,22589.83877,,57.58
2024-10-25,68198.27,68771.49,65596.29,66698.33,34479.71125,,57.58
2024-10-26,66698.32,67454.55,66439.9,67092.76,11842.9077,,57.58
2024-10-27,67092.76,68332.05,66913.73,68021.7,8653.19592,,57.58
2024-10-28,68021.69,70270.0,67618.0,69962.21,29046.75459,,57.58
2024-10-29,69962.21,73620.12,69760.0,72736.42,50128.60594,,57.58
2024-10-30,72736.41,72961.0,71436.0,72344.74,26885.99056,,57.58
2024-10-31,72344.75,72700.0,69685.76,70292.01,29352.10297,,57.58
2024-11-01,70292.01,71632.95,68820.14,69496.01,38301.86755,,57.58
2024-11-02,69496.0,69914.37,69000.14,69374.74,10521.67243,,57.58
2024-11-03,69374.74,69391.0,67478.73,68775.99,24995.70243,,57.58
2024-11-04,68775.99,69500.0,66835.0,67850.01,29800.39187,,57.58
2024-11-05,67850.01,70577.91,67476.63,69372.01,33355.06888,,57.58
2024-11-06,69372.01,76400.0,69298.0,75571.99,104126.994787,,57.58
2024-11-07,75571.99,76849.99,74416.0,75857.89,44869.422345,,57.57
2024-11-08,75857.89,77199.99,75555.0,76509.78,36521.099583,,57.57
2024-11-09,76509.78,76900.0,75714.66,76677.46,16942.07915,,57.57
2024-11-10,76677.46,81500.0,76492.0,80370.01,61830.100435,,57.57
2024-11-11,80370.01,89530.54,80216.01,88647.99,82323.665776,,57.57
2024-11-12,88648.0,89940.0,85072.0,87952.01,97299.887911,,57.57
2024-11-13,87952.0,93265.64,86127.99,90375.2,86763.854127,,57.57
2024-11-14,90375.21,91790.0,86668.21,87325.59,56729.51086,,57.57
2024-11-15,87325.59,91850.0,87073.38,91032.07,47927.95068,,57.57
2024-11-16,91032.08,91779.66,90056.17,90586.92,22717.87689,,57.57
2024-11-17,90587.98,91449.99,88722.0,89855.99,23867.55609,,57.57
2024-11-18,89855.98,92594.0,89376.9,90464.08,46545.03448,,57.57
2024-11-19,90464.07,93905.51,90357.0,92310.79,43660.04682,,57.57
2024-11-20,92310.8,94831.97,91500.0,94286.56,42203.198712,,57.57
2024-11-21,94286.56,98988.0,94040.0,98317.12,69228.360477,,57.57
2024-11-22,98317.12,99588.01,97122.11,98892.0,46189.309243,,57.57
2024-11-23,98892.0,98908.85,97136.0,97672.4,24757.84367,,57.57
2024-11-24,97672.4,98564.0,95734.77,97900.04,31200.97838,,57.57
2024-11-25,97900.05,98871.8,92600.19,93010.01,50847.45096,,57.57
2024-11-26,93010.01,94973.37,90791.1,91965.16,57858.73138,,57.55
2024-11-27,91965.16,97208.21,91792.14,95863.11,41153.42734,,57.55
2024-11-28,95863.11,96564.0,94640.0,95643.98,28814.54357,,57.55
2024-11-29,95643.99,98619.99,95364.99,97460.0,27701.78231,,57.55
2024-11-30,97460.0,97463.95,96092.01,96407.99,14503.83306,,57.55
2024-12-01,96407.99,97836.0,95693.88,97185.18,16938.60452,,57.55
2024-12-02,97185.17,98130.0,94395.0,95840.62,37958.66981,,57.55
2024-12-03,95840.61,96305.52,93578.17,95849.69,35827.32283,,57.55
2024-12-04,95849.69,99000.0,94587.83,98587.32,43850.53728,,57.55
2024-12-05,98587.32,104088.0,90500.0,96945.63,109921.729662,,57.55
2024-12-06,96945.63,101898.99,95981.72,99740.84,45049.5331,,57.55
2024-12-07,99740.84,100439.18,98844.0,99831.99,14931.9459,,57.55
2024-12-08,99831.99,101351.0,98657.7,101109.59,14612.99688,,57.55
2024-12-09,101109.6,101215.93,94150.05,97276.47,53949.11595,,57.55
2024-12-10,97276.48,98270.0,94256.54,96593.0,51708.68933,,57.55
2024-12-11,96593.0,101888.0,95658.24,101125.0,37753.78291,,57.55
2024-12-12,101125.0,102540.0,99311.64,100004.29,29232.08745,,57.55
2024-12-13,100004.29,101895.26,99205.0,101424.25,21904.03923,,57.55
2024-12-14,101424.24,102650.0,100609.41,101420.0,14191.70326,,57.55
2024-12-15,101420.0,105250.0,101237.14,104463.99,22228.921775,,57.55
2024-12-16,104463.99,107793.07,103333.0,106058.66,41302.40274,,57.54
2024-12-17,106058.65,108353.0,105321.49,106133.74,29064.936466,,57.54
2024-12-18,106133.74,106524.98,100000.0,100204.01,50307.99755,,57.54
2024-12-19,100204.01,102800.11,95700.0,97461.86,55147.398,,57.54
2024-12-20,97461.86,98233.0,92232.54,97805.44,62884.1357,,57.54
2024-12-21,97805.44,99540.61,96398.39,97291.99,23483.54143,,57.54
2024-12-22,97292.0,97448.08,94250.35,95186.27,19353.83036,,57.54
2024-12-23,95186.28,96538.92,92520.0,94881.47,32810.76703,,57.54
2024-12-24,94881.47,99487.99,93569.02,98663.58,23674.22488,,57.54
2024-12-25,98663.58,99569.15,97632.02,99429.6,14474.1651,,57.54
2024-12-26,99429.61,99963.7,95199.14,95791.6,21192.36727,,57.54
2024-12-27,95791.6,97544.58,93500.01,94299.03,26501.26429,,57.54
2024-12-28,94299.03,95733.99,94135.66,95300.0,8385.8929,,57.54
2024-12-29,95300.0,95340.0,93009.52,93738.2,13576.00578,,57.54
2024-12-30,93738.19,95024.5,91530.45,92792.05,27619.4225,,57.55
2024-12-31,92792.05,96250.0,92033.73,93576.0,19612.03389,,57.55
2025-01-01,93576.0,95151.15,92888.0,94591.79,10373.32613,,57.55
2025-01-02,94591.78,97839.5,94392.0,96984.79,21970.48948,,57.55
2025-01-03,96984.79,98976.91,96100.01,98174.18,15253.82936,,57.55
2025-01-04,98174.17,98778.43,97514.79,98220.5,8990.05651,,57.55
2025-01-05,98220.51,98836.85,97276.79,98363.61,8095.63723,,57.55
2025-01-06,98363.61,102480.0,97920.0,102235.6,25263.43375,,57.55
2025-01-07,102235.6,102724.38,96181.81,96954.61,32059.87537,,57.55
2025-01-08,96954.6,97268.65,92500.9,95060.61,33704.67894,,57.55
2025-01-09,95060.61,95382.32,91203.67,92552.49,34544.83685,,57.57
2025-01-10,92552.49,95836.0,92206.02,94726.11,31482.86424,,57.57
2025-01-11,94726.1,95050.94,93831.73,94599.99,7047.9043,,57.57
2025-01-12,94599.99,95450.1,93711.19,94545.06,8606.86622,,57.57
2025-01-13,94545.07,95940.0,89256.69,94536.1,42619.56423,,57.57
2025-01-14,94536.11,97371.0,94346.22,96560.86,27846.61753,,57.57
2025-01-15,96560.85,100681.94,96500.0,100497.35,30509.99179,,57.57
2025-01-16,100497.35,100866.66,97335.13,99987.3,27832.85317,,57.61
2025-01-17,99987.3,105865.22,99950.77,104077.48,39171.85292,,57.61
2025-01-18,104077.47,104988.88,102277.55,104556.23,24307.82998,,57.61
2025-01-19,104556.23,106422.43,99651.6,101331.57,43397.28298,,57.61
2025-01-20,101331.57,109588.0,99550.0,102260.01,89529.231732,,57.62
2025-01-21,102260.0,107240.81,100119.04,106143.82,45941.02002,,57.62
2025-01-22,106143.82,106394.46,103339.12,103706.66,22248.69254,,57.62
2025-01-23,103706.66,106850.0,101262.28,103910.34,53953.12031,,57.61
2025-01-24,103910.35,107120.0,102750.0,104870.5,23609.24017,,57.61
2025-01-25,104870.51,105286.52,104106.09,104746.85,9068.32377,,57.61
2025-01-26,104746.86,105500.0,102520.44,102620.0,9812.51238,,57.61
2025-01-27,102620.01,103260.0,97777.77,102082.83,50758.1341,,57.61
2025-01-28,102082.83,103800.0,100272.68,101335.52,22022.05765,,57.61
2025-01-29,101335.52,104782.68,101328.01,103733.24,23155.35802,,57.61
2025-01-30,103733.25,106457.44,103278.54,104722.94,19374.07472,,57.61
2025-01-31,104722.94,106012.0,101560.0,102429.56,21983.18193,,57.61
2025-02-01,102429.56,102783.71,100279.51,100635.65,12290.95747,,57.61
2025-02-02,100635.66,101456.6,96150.0,97700.59,34619.49939,,57.59
2025-02-03,97700.59,102500.01,91231.0,101328.52,75164.7385,,57.59
2025-02-04,101328.51,101732.31,96150.0,97763.13,40267.98697,,57.59
2025-02-05,97763.14,99149.0,96155.0,96612.43,26233.30444,,57.59
2025-02-06,96612.44,99120.0,95676.64,96554.35,23515.20405,,57.59
2025-02-07,96554.35,100137.99,95620.34,96506.8,31794.22065,,57.56
2025-02-08,96506.8,96880.0,95688.0,96444.74,10147.24294,,57.56
2025-02-09,96444.75,97323.09,94713.0,96462.75,14120.91613,,57.56
2025-02-10,96462.75,98345.0,95256.0,97430.82,20572.87537,,57.56
2025-02-11,97430.82,98478.42,94876.88,95778.2,18647.76379,,57.56
2025-02-12,95778.21,98119.99,94088.23,97869.99,29151.16625,,57.58
2025-02-13,97870.0,98083.91,95217.36,96608.14,19921.77616,,57.58
2025-02-14,96608.13,98826.0,96252.82,97500.48,18173.02646,,57.58
2025-02-15,97500.47,97972.26,97223.58,97569.66,7349.37683,,57.58
2025-02-16,97569.67,97704.47,96046.18,96118.12,8191.4249,,57.58
2025-02-17,96118.12,97046.59,95205.0,95780.0,16492.0451,,57.58
2025-02-18,95780.01,96753.91,93388.09,95671.74,23368.19471,,57.58
2025-02-19,95671.74,96899.99,95029.99,96644.37,16438.50954,,57.58
2025-02-20,96644.37,98711.36,96415.09,98305.0,17057.39177,,57.58
2025-02-21,98305.01,99475.0,94871.95,96181.98,32249.2814,,57.57
2025-02-22,96181.99,96980.0,95770.49,96551.01,11268.17708,,57.57
2025-02-23,96551.01,96650.0,95227.94,96258.0,10884.84913,,57.57
2025-02-24,96258.0,96500.0,91349.26,91552.88,31550.10299,,57.57
2025-02-25,91552.88,92540.69,86050.99,88680.4,78333.11111,,57.57
2025-02-26,88680.39,89414.15,82256.01,84250.09,56893.54409,,57.57
2025-02-27,84250.09,87078.46,82716.49,84708.58,42505.45439,,57.57
2025-02-28,84708.57,85120.0,78258.52,84349.94,83648.03969,,57.57
2025-03-01,84349.95,86558.0,83824.78,86064.53,25785.05464,,57.57
2025-03-02,86064.54,95000.0,85050.6,94270.0,54889.09045,,57.57
2025-03-03,94269.99,94416.46,85117.11,86220.61,59171.10218,,57.57
2025-03-04,86221.16,88967.52,81500.0,87281.98,55609.10706,,57.57
2025-03-05,87281.98,91000.0,86334.53,90606.01,38264.01163,,57.57
2025-03-06,90606.0,92810.64,87836.0,89931.89,34342.44902,,57.57
2025-03-07,89931.88,91283.02,84667.03,86801.75,57980.35713,,57.57
2025-03-08,86801.74,86897.25,85218.47,86222.45,12989.23054,,57.57
2025-03-09,86222.46,86500.0,80000.0,80734.37,26115.39345,,57.57
2025-03-10,80734.48,84123.46,77459.91,78595.86,47633.38405,,57.57
2025-03-11,78595.86,83617.4,76606.0,82932.99,48770.06853,,57.57
2025-03-12,82932.99,84539.85,80607.65,83680.12,31933.986,,57.57
2025-03-13,83680.12,84336.33,79939.9,81115.78,27546.27412,,57.56
2025-03-14,81115.78,85309.71,80818.84,83983.2,26858.52755,,57.56
2025-03-15,83983.19,84676.28,83618.0,84338.44,11324.7332,,57.56
2025-03-16,84338.44,85117.04,81981.12,82574.53,17596.12531,,57.56
2025-03-17,82574.52,84756.83,82456.0,84010.03,17214.74358,,57.56
2025-03-18,84010.02,84021.74,81134.66,82715.03,17610.89883,,57.56
2025-03-19,82715.03,87000.0,82547.16,86845.94,28151.05374,,57.56
2025-03-20,86845.93,87453.67,83655.23,84223.39,22090.30463,,57.56
2025-03-21,84223.38,84850.33,83175.25,84088.79,11956.97443,,57.56
2025-03-22,84088.79,84539.17,83625.1,83840.59,5420.22114,,57.56
2025-03-23,83840.59,86129.64,83809.75,86082.5,8461.97813,,57.56
2025-03-24,86082.5,88765.43,85519.09,87498.16,30115.62111,,57.56
2025-03-25,87498.16,88539.63,86310.0,87392.87,22643.25248,,57.56
2025-03-26,87392.88,88275.0,85860.0,86909.17,18408.78485,,57.56
2025-03-27,86909.17,87756.39,85800.0,87232.01,17098.03897,,57.56
2025-03-28,87232.01,87515.67,83585.0,84424.38,27182.73169,,57.57
2025-03-29,84424.38,84624.73,81644.81,82648.54,11696.39864,,57.57
2025-03-30,82648.53,83534.64,81565.0,82389.99,9864.49508,,57.57
2025-03-31,82390.0,83943.08,81278.52,82550.01,20569.13885,,57.57
2025-04-01,82550.0,85579.46,82432.74,85158.34,20190.39697,,57.57
2025-04-02,85158.35,88500.0,82320.0,82516.29,39931.457,,57.57
2025-04-03,82516.28,83998.02,81211.24,83213.09,27337.84135,,57.57
2025-04-04,83213.09,84720.0,81659.0,83889.87,32915.53976,,57.58
2025-04-05,83889.87,84266.0,82379.95,83537.99,9360.40468,,57.58
2025-04-06,83537.99,83817.63,77153.83,78430.0,27942.71436,,57.58
2025-04-07,78430.0,81243.58,74508.0,79163.24,78387.53089,,57.58
2025-04-08,79163.24,80867.99,76239.9,76322.42,35317.32063,,57.56
2025-04-09,76322.42,83588.0,74620.0,82615.22,75488.28772,,57.56
2025-04-10,82615.22,82753.21,78464.36,79607.3,33284.80718,,57.56
2025-04-11,79607.3,84300.0,78969.58,83423.84,34435.43797,,57.56
2025-04-12,83423.83,85905.0,82792.95,85276.9,18470.74437,,57.56
2025-04-13,85276.91,86100.0,83034.23,83760.0,24680.04181,,57.54
2025-04-14,83760.0,85799.99,83678.0,84591.58,28659.09348,,57.54
2025-04-15,84591.58,86496.42,83600.0,83643.99,20910.99528,,57.54
2025-04-16,83643.99,85500.0,83111.64,84030.38,20867.24519,,57.54
2025-04-17,84030.38,85470.01,83736.26,84947.91,13728.84772,,57.53
2025-04-18,84947.92,85132.08,84303.96,84474.69,6529.96315,,57.53
2025-04-19,84474.7,85677.99,84364.45,85077.01,9666.58153,,57.53
2025-04-20,85077.0,85320.76,83949.52,85179.24,8091.67725,,57.53
2025-04-21,85179.24,88465.99,85144.76,87516.23,31773.37262,,57.55
2025-04-22,87516.22,93888.0,87076.03,93442.99,43872.74705,,57.55
2025-04-23,93442.99,94696.05,91935.41,93691.08,27404.16808,,57.55
2025-04-24,93691.07,94005.0,91660.01,93980.47,19497.06071,,57.55
2025-04-25,93980.47,95758.04,92855.96,94638.68,27500.66648,,57.55
2025-04-26,94638.68,95199.0,93870.69,94628.0,9415.06875,,57.55
2025-04-27,94628.0,95369.0,93602.58,93749.3,11162.841,,57.55
2025-04-28,93749.29,95630.0,92800.01,95011.18,22157.53351,,57.55
2025-04-29,95011.18,95461.53,93742.54,94256.82,16955.3402,,57.55
2025-04-30,94256.82,95228.45,92910.0,94172.0,17661.2751,,57.55
2025-05-01,94172.0,97424.02,94130.43,96489.91,21380.45343,,57.55
2025-05-02,96489.9,97895.68,96350.0,96887.14,14905.74811,,57.55
2025-05-03,96887.13,96935.67,95753.01,95856.42,9723.34838,,57.55
2025-05-04,95856.42,96304.48,94151.38,94277.62,11036.38342,,57.55
2025-05-05,94277.61,95199.0,93514.1,94733.68,17251.18189,,57.55
2025-05-06,94733.68,96920.65,93377.0,96834.02,16122.64513,,57.55
2025-05-07,96834.02,97732.0,95784.61,97030.5,16644.83854,,57.55
2025-05-08,97030.5,104145.76,96876.29,103261.6,34962.02847,,57.55
2025-05-09,103261.61,104361.3,102315.14,102971.99,27617.39907,,57.55
2025-05-10,102971.99,104984.57,102818.76,104809.53,15324.78611,,57.55
2025-05-11,104809.53,104972.0,103345.06,104118.0,17987.12197,,57.55
2025-05-12,104118.0,105819.45,100718.37,102791.32,31272.77792,,57.55
2025-05-13,102791.32,104976.25,101429.7,104103.72,21253.42409,,57.55
2025-05-14,104103.72,104356.95,102602.05,103507.82,16452.9081,,57.55
2025-05-15,103507.83,104192.7,101383.07,103763.71,17998.98604,,57.55
2025-05-16,103763.71,104550.33,103100.49,103463.9,15683.88024,,57.55
2025-05-17,103463.9,103709.86,102612.5,103126.65,11250.89622,,57.55
2025-05-18,103126.65,106660.0,103105.09,106454.26,21599.98726,,57.55
2025-05-19,106454.27,107108.62,102000.0,105573.74,30260.03524,,57.55
2025-05-20,105573.73,107320.0,104184.72,106849.99,23705.48275,,57.55
2025-05-21,106850.0,110797.38,106100.01,109643.99,45531.040345,,57.55
2025-05-22,109643.99,111980.0,109177.37,111696.21,31630.77313,,57.55
2025-05-23,111696.22,111800.0,106800.0,107318.3,31737.72309,,57.55
2025-05-24,107318.3,109506.03,106875.41,107761.91,16782.53129,,57.55
2025-05-25,107761.9,109299.99,106600.64,109004.19,17710.04695,,57.55
2025-05-26,109004.2,110422.22,108670.58,109434.79,14649.11593,,57.55
2025-05-27,109434.78,110718.0,107516.57,108938.17,21276.65635,,57.55
2025-05-28,108938.17,109284.7,106769.43,107781.78,15633.78829,,57.55
2025-05-29,107781.78,108891.91,105322.86,105589.75,19834.70116,,57.55
2025-05-30,105589.75,106313.12,103621.0,103985.48,23706.49799,,57.55
2025-05-31,103985.47,104900.0,103068.55,104591.88,11289.35922,,57.55
2025-06-01,104591.88,105866.91,103752.49,105642.93,9709.70006,,57.55
2025-06-02,105642.93,105935.63,103659.88,105857.99,13453.98813,,57.55
2025-06-03,105858.0,106794.67,104872.5,105376.89,13259.52634,,57.55
2025-06-04,105376.9,106000.0,104179.0,104696.86,14034.89482,,57.55
2025-06-05,104696.86,105909.71,100372.26,101508.68,22321.50154,,57.55
2025-06-06,101508.69,105333.0,101095.8,104288.44,15839.07385,,57.55
2025-06-07,104288.43,105900.0,103871.09,105552.15,8344.93206,,57.55
2025-06-08,105552.15,106488.14,104964.14,105734.0,8048.06305,,57.55
2025-06-09,105734.01,110530.17,105318.37,110263.02,19975.37451,,57.55
2025-06-10,110263.02,110400.0,108331.03,110274.39,17071.82839,,57.55
2025-06-11,110274.39,110392.01,108064.0,108645.12,13115.91638,,57.55
2025-06-12,108645.13,108813.55,105671.72,105671.73,17778.67218,,57.56
2025-06-13,105671.74,106179.53,102664.31,106066.59,26180.81734,,57.56
2025-06-14,106066.59,106252.0,104300.0,105414.64,8798.93969,,57.56
2025-06-15,105414.63,106128.57,104494.53,105594.01,7164.20047,,57.56
2025-06-16,105594.02,108952.38,104980.37,106794.53,14922.6654,,57.56
2025-06-17,106794.53,107771.34,103371.02,104551.17,17866.33025,,57.56
2025-06-18,104551.17,105550.27,103500.0,104886.78,13968.64167,,57.56
2025-06-19,104886.79,105226.17,103929.27,104658.59,7678.60737,,57.56
2025-06-20,104658.59,106524.65,102345.0,103297.99,16419.06283,,57.56
2025-06-21,103297.98,103982.64,100837.9,102120.01,11154.21332,,57.56
2025-06-22,102120.02,103399.62,98200.0,100963.87,28746.41072,,57.56
2025-06-23,100963.87,106074.2,99613.33,105333.93,27666.50609,,57.56
2025-06-24,105333.94,106290.0,104622.02,106083.0,14651.69335,,57.56
2025-06-25,106083.0,108135.3,105808.03,107340.58,16701.15551,,57.56
2025-06-26,107340.59,108272.45,106562.5,106947.06,10573.27279,,57.57
2025-06-27,106947.06,107735.34,106356.76,107047.59,12232.44042,,57.57
2025-06-28,107047.58,107577.75,106811.51,107296.79,3282.17352,,57.57
2025-06-29,107296.79,108528.5,107172.52,108356.93,6831.7364,,57.57
2025-06-30,108356.93,108789.99,106733.33,107146.5,9754.12491,,57.57
2025-07-01,107146.51,107540.0,105250.85,105681.14,10505.62437,,57.57
2025-07-02,105681.13,109730.0,105100.19,108849.6,17691.89592,,57.57
2025-07-03,108849.59,110529.18,108530.4,109584.78,13047.08225,,57.57
2025-07-04,109584.77,109767.59,107245.0,107984.24,11793.86615,,57.54
2025-07-05,107984.25,108420.56,107756.31,108198.12,3736.9757,,57.54
2025-07-06,108198.12,109700.0,107800.01,109203.84,6447.607,,57.54
2025-07-07,109203.85,109700.0,107513.2,108262.94,9405.37601,,57.54
2025-07-08,108262.94,109216.56,107429.57,108922.98,9216.0208,,57.54
2025-07-09,108922.99,111999.79,108324.53,111233.99,17282.2865,,57.54
2025-07-10,111234.0,116868.0,110500.0,116010.0,24883.450665,,57.54
2025-07-11,116010.01,118869.98,115222.22,117527.66,25873.521148,,57.54
2025-07-12,117527.66,118200.0,116900.05,117420.0,8446.60437,,57.54
2025-07-13,117420.0,119488.0,117224.79,119086.64,9550.792947,,57.54
2025-07-14,119086.65,123218.0,118905.18,119841.18,27269.348877,,57.54
2025-07-15,119841.17,119940.83,115736.92,117758.09,32018.46083,,57.54
2025-07-16,117758.08,120063.84,117017.29,118630.43,17039.90851,,57.54
2025-07-17,118630.44,120998.71,117453.57,119177.56,15728.57651,,57.54
2025-07-18,119177.56,120820.71,116812.76,117924.84,19924.66266,,57.54
2025-07-19,117924.84,118499.9,117277.34,117840.0,6635.80306,,57.54
2025-07-20,117840.01,118856.8,116467.02,117265.12,12962.92889,,57.54
2025-07-21,117265.11,119676.73,116515.0,117380.36,17107.33128,,57.54
2025-07-22,117380.36,120247.8,116128.0,119954.42,20959.12973,,57.54
2025-07-23,119954.43,120090.0,117301.0,118755.99,14558.75083,,57.54
2025-07-24,118756.0,119450.0,117103.1,118340.99,15806.89043,,57.54
2025-07-25,118340.98,118451.57,114723.16,117614.31,38406.34873,,57.54
2025-07-26,117614.31,118297.35,117138.38,117919.99,6991.67206,,57.54
2025-07-27,117919.99,119766.65,117825.5,119415.55,9328.30919,,57.53
2025-07-28,119415.56,119800.0,117427.5,118062.32,13961.74754,,57.53
2025-07-29,118062.32,119273.36,116950.75,117950.76,15137.93445,,57.53
2025-07-30,117950.75,118792.0,115796.23,117840.3,15586.73631,,57.53
2025-07-31,117840.29,118922.45,115500.0,115764.08,17010.0073,,57.53
2025-08-01,115764.07,116052.0,112722.58,113297.93,24487.10206,,57.53
2025-08-02,113297.92,114063.49,112003.0,112546.35,11507.33428,,57.53
2025-08-03,112546.35,114799.97,111920.0,114208.8,7397.76046,,57.53
2025-08-04,114208.81,115720.0,114107.6,115055.03,9667.67916,,57.53
2025-08-05,115055.03,115127.81,112650.0,114129.75,12042.79078,,57.53
2025-08-06,114129.75,115716.0,113355.13,114992.27,9761.15318,,57.53
2025-08-07,114992.27,117621.0,114259.0,117472.01,13468.56263,,57.53
2025-08-08,117472.02,117630.0,115878.71,116674.74,10045.31278,,57.53
2025-08-09,116674.74,117944.05,116299.13,116462.25,9514.13144,,57.53
2025-08-10,116462.25,119311.11,116460.63,119294.01,14322.77073,,57.53
2025-08-11,119294.27,122335.16,118050.11,118686.0,26494.33429,,57.53
2025-08-12,118686.0,120324.43,118207.47,120134.08,16720.10893,,57.53
2025-08-13,120134.09,123667.79,118920.92,123306.43,23210.07102,,57.53
2025-08-14,123306.44,124474.0,117180.0,118295.09,27980.947586,,57.53
2025-08-15,118295.09,119216.82,116803.99,117342.05,13623.33874,,57.53
2025-08-16,117342.04,117898.99,117143.98,117380.66,6393.68117,,57.53
2025-08-17,117380.66,118575.0,117172.21,117405.01,5898.64192,,57.53
2025-08-18,117405.01,117543.75,114640.14,116227.05,17745.93954,,57.53
2025-08-19,116227.05,116725.69,112732.58,112872.94,18065.47424,,57.53
2025-08-20,112872.95,114615.38,112380.0,114271.24,15636.34194,,57.53
2025-08-21,114271.23,114821.76,112015.67,112500.0,10839.69235,,57.53
2025-08-22,112500.0,117429.05,111684.79,116935.99,23128.09037,,57.53
2025-08-23,116936.0,117030.0,114560.0,115438.05,11329.36197,,57.53
2025-08-24,115438.06,115666.68,110680.0,113493.59,21175.98462,,57.53
2025-08-25,113493.59,113667.28,109274.1,110111.98,25182.79379,,57.53
2025-08-26,110111.98,112371.0,108666.66,111763.22,18452.43877,,57.53
2025-08-27,111763.22,112625.0,110345.42,111262.01,13392.60875,,57.53
2025-08-28,111262.01,113485.9,110862.42,112566.9,11104.27744,,57.53
2025-08-29,112566.9,112638.64,107463.9,108377.4,22580.31045,,57.53
2025-08-30,108377.4,108926.15,107350.1,108816.33,10708.39159,,57.53
2025-08-31,108816.33,109480.02,108076.93,108246.35,9489.51596,,57.53
2025-09-01,108246.36,109912.4,107255.0,109237.42,16053.60219,,57.53
2025-09-02,109237.43,111771.52,108393.39,111240.01,18510.28756,,57.53
2025-09-03,111240.01,112575.27,110528.71,111705.71,11773.72084,,57.53
2025-09-04,111705.72,112180.0,109329.12,110730.87,12203.13536,,57.53
2025-09-05,110730.87,113384.62,110206.96,110659.99,21587.40888,,57.53
2025-09-06,110660.0,111307.7,109977.0,110187.97,5000.29897,,57.53
2025-09-07,110187.98,111600.0,110180.0,111137.34,5681.29944,,57.53
2025-09-08,111137.35,112924.37,110621.78,112065.23,11582.40211,,57.53
2025-09-09,112065.23,113293.29,110766.66,111546.39,15379.28248,,57.53
2025-09-10,111546.38,114313.13,110917.45,113960.0,17517.41823,,57.53
2025-09-11,113960.0,115488.09,113430.0,115482.69,13676.73119,,57.53
2025-09-12,115482.69,116665.63,114740.99,116029.42,15324.10719,,57.53
2025-09-13,116029.41,116298.78,115127.27,115918.29,8269.40394,,57.53
2025-09-14,115918.29,116165.19,115135.0,115268.01,6707.60197,,57.53
2025-09-15,115268.01,116757.99,114384.0,115349.71,13212.51149,,57.53
2025-09-16,115349.71,116964.27,114737.11,116788.96,10926.9094,,57.53
2025-09-17,116788.96,117286.73,114720.81,116447.59,16754.2454,,57.53
2025-09-18,116447.6,117900.0,116092.76,117073.53,11657.23365,,57.53
2025-09-19,117073.53,117459.99,115100.0,115632.38,8992.09065,,57.53
2025-09-20,115632.39,116121.81,115408.47,115685.63,4674.92752,,57.53
2025-09-21,115685.63,115819.06,115188.0,115232.29,4511.52219,,57.53
2025-09-22,115232.29,115379.25,111800.0,112650.99,20781.71356,,57.53
2025-09-23,112650.99,113290.5,111458.73,111998.8,12301.3203,,57.53
2025-09-24,111998.8,113940.0,111042.66,113307.0,12369.25967,,57.53
2025-09-25,113307.01,113510.23,108631.51,108994.49,21231.14957,,57.53
2025-09-26,108994.49,110300.0,108620.07,109643.46,14243.01591,,57.53
2025-09-27,109643.46,109743.91,109064.4,109635.85,5501.78643,,57.53
2025-09-28,109635.85,112350.0,109189.99,112163.95,7542.3316,,57.53
2025-09-29,112163.96,114400.0,111560.65,114311.96,15541.12005,,57.53
2025-09-30,114311.97,114792.0,112656.27,114048.93,15044.15633,,57.53
2025-10-01,114048.94,118649.1,113966.67,118594.99,20036.39516,,57.53
2025-10-02,118594.99,121022.07,118279.31,120529.35,19670.83503,,57.53
2025-10-03,120529.35,123894.99,119248.3,122232.0,23936.328,,57.53
2025-10-04,122232.21,122800.0,121510.0,122391.0,8208.16678,,57.53
2025-10-05,122390.99,125708.42,122136.0,123482.31,22043.097553,,57.53
2025-10-06,123482.32,126199.63,123084.0,124658.54,19494.628793,,57.53
2025-10-07,124658.54,125126.0,120574.94,121332.95,21633.99385,,57.53
2025-10-08,121332.96,124197.25,121066.14,123306.0,17012.618,,57.53
2025-10-09,123306.01,123762.94,119651.47,121662.4,21559.36007,,57.53
2025-10-10,121662.41,122550.0,102000.0,112774.5,64171.93927,,57.53
2025-10-11,112774.49,113322.39,109561.59,110644.4,35448.51652,,57.53
2025-10-12,110644.4,115770.0,109565.06,114958.8,32255.30272,,57.53
2025-10-13,114958.81,115963.81,113616.5,115166.0,22557.24033,,57.53
2025-10-14,115166.0,115409.96,109866.0,113028.14,31870.32974,,57.53
2025-10-15,113028.13,113612.35,110164.0,110763.28,22986.48811,,57.53
2025-10-16,110763.28,111982.45,107427.0,108194.28,29857.17252,,57.53
2025-10-17,108194.27,109240.0,103528.23,106431.68,37920.66838,,57.53
2025-10-18,106431.68,107499.0,106322.2,107185.01,11123.18766,,57.53
2025-10-19,107185.0,109450.07,106103.36,108642.78,15480.66423,,57.53
2025-10-20,108642.77,111705.56,107402.52,110532.09,19193.4416,,57.53
2025-10-21,110532.09,114000.0,107473.72,108297.67,37228.01659,,57.53
2025-10-22,108297.66,109163.88,106666.69,107567.44,28610.78451,,57.53
2025-10-23,107567.45,111293.61,107500.0,110078.18,17573.09294,,57.53
2025-10-24,110078.19,112104.98,109700.01,111004.89,15005.16913,,57.53
2025-10-25,111004.9,111943.19,110672.86,111646.27,6407.96864,,57.53
2025-10-26,111646.27,115466.8,111260.45,114559.4,13454.47737,,57.53
2025-10-27,114559.41,116400.0,113830.01,114107.65,21450.23241,,57.53
2025-10-28,114107.65,116086.0,112211.0,112898.45,15523.42257,,57.53
2025-10-29,112898.44,113643.73,109200.0,110021.29,21079.71376,,57.53
2025-10-30,110021.3,111592.0,106304.34,108322.88,25988.82838,,57.53
2025-10-31,108322.87,111190.0,108275.28,109608.01,21518.20439,,57.53
2025-11-01,109608.01,110564.49,109394.81,110098.1,7378.50431,,57.53
2025-11-02,110098.1,111250.01,109471.34,110540.68,12107.00087,,57.53
2025-11-03,110540.69,110750.0,105306.56,106583.04,28681.18779,,57.54
2025-11-04,106583.05,107299.0,98944.36,101497.22,50534.87376,,57.54
2025-11-05,101497.23,104534.74,98966.8,103885.16,33778.77571,,57.54
2025-11-06,103885.16,104200.0,100300.95,101346.04,25814.62139,,57.54
2025-11-07,101346.04,104096.36,99260.86,103339.08,32059.50942,,57.54
2025-11-08,103339.09,103406.22,101454.0,102312.94,12390.77985,,57.54
2025-11-09,102312.95,105495.62,101400.0,104722.96,16338.97096,,57.54
2025-11-10,104722.95,106670.11,104265.02,106011.13,22682.25673,,57.54
2025-11-11,106011.13,107500.0,102476.09,103058.99,24196.50718,,57.54
2025-11-12,103059.0,105333.33,100813.59,101654.37,20457.63906,,57.54
2025-11-13,101654.37,104085.01,98000.4,99692.02,36198.50771,,57.54
2025-11-14,99692.03,99866.02,94012.45,94594.0,47288.14481,,57.54
2025-11-15,94594.0,96846.68,94558.49,95596.24,15110.89391,,57.54
2025-11-16,95596.23,96635.11,93005.55,94261.44,23889.4051,,57.54
2025-11-17,94261.45,96043.0,91220.0,92215.14,39218.59806,,57.54
2025-11-18,92215.14,93836.01,89253.78,92960.83,39835.14769,,57.54
2025-11-19,92960.83,92980.22,88608.0,91554.96,32286.6376,,57.54
2025-11-20,91554.96,93160.0,86100.0,86637.23,39733.19073,,57.54
2025-11-21,86637.22,87498.94,80600.0,85129.43,72256.12679,,57.54
2025-11-22,85129.42,85620.0,83500.0,84739.74,14193.93263,,57.54
2025-11-23,84739.75,88127.64,84667.57,86830.0,19734.46418,,57.54
2025-11-24,86830.0,89228.0,85272.0,88300.01,24663.12795,,57.54
2025-11-25,88300.01,88519.99,86116.0,87369.96,19567.0411,,57.54
2025-11-26,87369.97,90656.08,86306.77,90484.02,21675.82239,,57.54
2025-11-27,90484.01,91950.0,90089.91,91333.95,16833.50932,,57.54
2025-11-28,91333.94,93092.0,90180.63,90890.7,18830.86012,,57.54
2025-11-29,90890.71,91165.65,90155.47,90802.44,7429.88291,,57.54
2025-11-30,90802.44,92000.01,90336.9,90360.0,9687.74175,,57.54
2025-12-01,90360.01,90417.0,83822.76,86286.01,34509.01227,,57.54
2025-12-02,86286.01,92307.65,86184.39,91277.88,28210.22732,,57.54
2025-12-03,91277.88,94150.0,90990.23,93429.95,25712.52585,,57.54
2025-12-04,93429.95,94080.0,90889.0,92078.06,19803.94059,,57.54
2025-12-05,92078.06,92692.36,88056.0,89330.04,19792.97218,,57.54
2025-12-06,89330.04,90289.97,88908.01,89236.79,8409.50016,,57.54
2025-12-07,89236.8,91760.0,87719.28,90395.31,13021.11185,,57.54
2025-12-08,90395.32,92287.15,89612.0,90634.34,15793.63887,,57.54
2025-12-09,90634.35,94588.99,89500.0,92678.8,21240.43014,,57.54
2025-12-10,92678.81,94476.0,91563.15,92015.37,18998.68083,,57.54
2025-12-11,92015.38,93555.0,89260.63,92513.38,19972.58758,,57.54
2025-12-12,92513.38,92754.0,89480.0,90268.42,16679.19169,,57.54
2025-12-13,90268.43,90634.55,89766.39,90240.01,5895.70788,,57.54
2025-12-14,90240.0,90472.4,87577.36,88172.17,9416.94004,,57.54
2025-12-15,88172.16,90052.64,85146.64,86432.08,19778.6919,,57.54
2025-12-16,86432.08,88175.98,85266.0,87863.42,18456.05017,,57.54
2025-12-17,87863.43,90365.85,85314.0,86243.22,19834.11729,,57.54
2025-12-18,86243.23,89477.61,84450.01,85516.41,25405.41763,,57.54
2025-12-19,85516.41,89399.97,85110.24,88136.94,21256.65004,,57.54
2025-12-20,88136.95,88573.07,87795.76,88360.9,5123.13194,,57.54
2025-12-21,88360.91,89081.77,87600.04,88658.86,7132.87258,,57.54
2025-12-22,88658.87,90588.23,87900.0,88620.79,14673.2197,,57.54
2025-12-23,88620.79,88940.0,86601.9,87486.0,13910.32904,,57.54
2025-12-24,87486.0,88049.89,86420.0,87669.45,9140.8432,,57.54
2025-12-25,87669.44,88592.74,86934.72,87225.27,7096.58235,,57.54
2025-12-26,87225.27,89567.75,86655.08,87369.56,18344.61505,,57.54
2025-12-27,87369.56,87984.0,87253.05,87877.01,4469.55156,,57.54
2025-12-28,87877.0,88088.75,87435.0,87952.71,4446.29285,,57.54
2025-12-29,87952.71,90406.08,86806.5,87237.13,19894.98575,,57.54
2025-12-30,87237.13,89400.0,86845.66,88485.49,13105.91001,,57.54
2025-12-31,88485.5,89200.0,87250.0,87648.22,11558.62047,,57.54
