month,pressure,tension,volatility,hbv,arrhythmia
bitcoin_2010_07,2.746784,0.614272,0.047727,0.074262,0.4
bitcoin_2010_08,3.621304,0.693969,0.815267,0.034277,0.166667
bitcoin_2010_09,2.060692,0.512154,0.239405,0.013444,0.172414
bitcoin_2010_10,3.610626,0.692944,0.914381,0.031992,0.1
bitcoin_2010_11,3.691044,0.705414,0.658197,0.114377,0.206897
bitcoin_2010_12,2.846065,0.618628,0.684448,0.013304,0.066667
bitcoin_2010_2012_monthly,6.150718,0.854415,0.727034,0.926974,0.068966
bitcoin_2011_01,3.244001,0.659886,0.888181,0.015956,0.033333
bitcoin_2011_02,3.839873,0.722722,0.771981,0.21206,0.071429
bitcoin_2011_03,3.328577,0.666411,0.99496,0.001945,0.0
bitcoin_2011_04,1.454484,0.145042,0.507653,0.015215,0.034483
bitcoin_2011_05,2.107126,0.099509,0.924201,0.019902,0.0
bitcoin_2011_06,2.135189,0.533541,0.280888,0.065329,0.103448
bitcoin_2011_07,0.400556,0.030818,0.160214,0.006164,0.0
bitcoin_2011_08,1.52458,0.26491,0.357907,0.026315,0.066667
bitcoin_2011_09,2.379853,0.603,0.312923,0.079221,0.103448
bitcoin_2011_10,1.860784,0.011018,-0.916068,0.002204,0.0
bitcoin_2011_11,1.214105,0.35313,0.05488,0.029247,0.103448
bitcoin_2011_12,1.549753,0.213617,0.467175,0.02939,0.033333
bitcoin_2012_01,3.115301,0.467584,0.859791,0.053517,0.1
bitcoin_2012_02,2.668897,0.317659,0.857206,0.03496,0.071429
bitcoin_2012_03,1.797879,0.439545,0.177531,0.021242,0.166667
bitcoin_2012_04,0.998198,0.225631,0.143709,0.01754,0.068966
bitcoin_2012_07,1.846949,0.374088,0.317161,0.021484,0.133333
bitcoin_2012_08,1.609236,0.442002,-0.110016,0.035067,0.133333
bitcoin_2012_09,2.010955,0.068564,0.916344,0.013713,0.0
bitcoin_2012_10,2.298454,0.572426,0.345072,0.087819,0.066667
bitcoin_2012_11,0.303107,0.058295,0.07577,0.011659,0.0
bitcoin_2012_12,2.051998,0.027088,0.990784,0.005418,0.0
bitcoin_2013_01,1.980132,0.094291,0.867488,0.018858,0.0
bitcoin_2013_02,2.092265,0.130316,0.843389,0.011248,0.037037
bitcoin_2013_03,2.036441,0.056517,0.944749,0.011303,0.0
bitcoin_2013_04,2.718805,0.367424,0.850716,0.059692,0.034483
bitcoin_2013_05,1.472748,0.028259,-0.699637,0.005652,0.0
bitcoin_2013_06,2.522612,0.278386,-0.806301,0.014298,0.103448
bitcoin_2013_07,1.434087,0.253916,-0.356953,0.03745,0.033333
bitcoin_2013_08,0.095964,0.012719,-0.031447,0.002544,0.0
bitcoin_2013_09,0.63336,0.021139,-0.289199,0.004228,0.0
bitcoin_2013_10,2.076202,0.212802,0.731459,0.029227,0.033333
bitcoin_2013_11,2.47857,0.287963,0.833899,0.043799,0.034483
bitcoin_2013_12,1.228458,0.020051,0.588163,0.00401,0.0
bitcoin_2014_01,1.515396,0.152227,0.499802,0.003779,0.066667
bitcoin_2014_02,1.375376,0.256009,0.321543,0.036387,0.037037
bitcoin_2014_03,1.905931,0.106056,-0.785093,0.007878,0.033333
bitcoin_2014_04,0.010383,0.003993,0.0,0.000799,0.0
bitcoin_2014_05,0.720482,0.013168,0.343122,0.002634,0.0
bitcoin_2014_06,0.897171,0.081896,0.311086,0.002586,0.034483
bitcoin_2014_07,1.248495,0.009847,-0.611447,0.001969,0.0
bitcoin_2014_08,1.982283,0.414975,0.361674,0.042995,0.1
bitcoin_2014_09,1.958527,0.506613,-0.289631,0.08753,0.034483
bitcoin_2014_10,1.079967,0.392295,0.0,0.065126,0.033333
bitcoin_2014_11,2.264927,0.279498,0.707047,0.028313,0.068966
bitcoin_2014_12,2.962386,0.402452,-0.928006,0.067157,0.033333
bitcoin_2015_01,1.656194,0.077549,0.697283,0.002177,0.033333
bitcoin_2015_02,1.587389,0.090075,0.643264,0.0032,0.037037
bitcoin_2015_03,0.855873,0.007846,0.417737,0.001569,0.0
bitcoin_2015_04,1.714779,0.287808,0.452205,0.043768,0.034483
bitcoin_2015_05,1.491139,0.298548,0.237458,0.006376,0.133333
bitcoin_2015_06,1.888593,0.012587,0.927934,0.002517,0.0
bitcoin_2015_07,1.38674,0.006781,0.684555,0.001356,0.0
bitcoin_2015_08,0.961649,0.245418,0.131782,0.03575,0.033333
bitcoin_2015_09,0.809011,0.148727,0.149091,0.002159,0.068966
bitcoin_2015_10,2.182223,0.152068,-0.863424,0.01708,0.033333
bitcoin_2015_11,1.434703,0.137978,-0.506946,0.013802,0.034483
bitcoin_2015_12,2.090686,0.367303,-0.53785,0.060127,0.033333
bitcoin_2016_01,1.52625,0.013212,-0.74595,0.002642,0.0
bitcoin_2016_02,0.970896,0.18209,-0.184444,0.007847,0.071429
bitcoin_2016_03,1.483941,0.241676,0.397792,0.035002,0.033333
bitcoin_2016_04,1.684625,0.181146,-0.544753,0.008643,0.068966
bitcoin_2016_05,3.043098,0.924079,0.230246,0.144816,0.1
bitcoin_2016_06,3.378066,0.65681,-0.804145,0.117569,0.034483
bitcoin_2016_07,1.865395,0.459713,0.15507,0.011943,0.2
bitcoin_2016_08,2.696246,0.766101,-0.232192,0.099887,0.133333
bitcoin_2016_09,2.07242,0.151443,0.8083,0.016495,0.034483
bitcoin_2016_10,1.564265,0.110758,0.608148,0.008818,0.033333
bitcoin_2016_11,2.350286,0.490739,-0.506147,0.084355,0.034483
bitcoin_2016_12,2.953139,0.602146,-0.63378,0.093762,0.066667
bitcoin_2017_01,1.910351,0.027933,-0.918862,0.005587,0.0
bitcoin_2017_02,1.83451,0.028872,-0.879722,0.005774,0.0
bitcoin_2017_03,1.585716,0.396012,-0.158043,0.025869,0.133333
bitcoin_2017_04,3.088282,0.594701,-0.70896,0.091354,0.068966
bitcoin_2017_05,2.651855,0.380606,-0.71114,0.022788,0.133333
bitcoin_2017_06,1.674214,0.413631,-0.268352,0.068933,0.034483
bitcoin_2017_07,1.511707,0.235877,-0.419214,0.033842,0.033333
bitcoin_2017_08,2.721673,0.6078379043792204,0.20466112144597234,0.20466112144597234,0.16089713610028863
bitcoin_2017_09,2.721673,0.6078379043792204,0.20466112144597234,0.20466112144597234,0.16089713610028863
bitcoin_2017_10,2.721673,0.6078379043792204,0.20466112144597234,0.20466112144597234,0.16089713610028863
bitcoin_2017_11,2.721673,0.6078379043792204,0.20466112144597234,0.20466112144597234,0.16089713610028863
bitcoin_2017_12,2.721673,0.6078379043792204,0.20466112144597234,0.20466112144597234,0.16089713610028863
bitcoin_2018_01,2.721673,0.6078379043792204,0.20466112144597234,0.20466112144597234,0.16089713610028863
bitcoin_2018_02,2.721673,0.6078379043792204,0.20466112144597234,0.20466112144597234,0.16089713610028863
bitcoin_2018_03,2.721673,0.6078379043792204,0.20466112144597234,0.20466112144597234,0.16089713610028863
bitcoin_2018_04,2.721673,0.6078379043792204,0.20466112144597234,0.20466112144597234,0.16089713610028863
bitcoin_2018_05,2.721673,0.6078379043792204,0.20466112144597234,0.20466112144597234,0.16089713610028863
bitcoin_2018_06,2.721673,0.6078379043792204,0.20466112144597234,0.20466112144597234,0.16089713610028863
bitcoin_2018_07,2.721673,0.6078379043792204,0.20466112144597234,0.20466112144597234,0.16089713610028863
bitcoin_2018_08,3.323712,0.5223518489865386,0.2959015887495495,0.2959015887495495,0.26650010156006726
bitcoin_2018_09,3.334232,0.5223518489865386,0.29692626387321597,0.29692626387321597,0.26829887703601274
bitcoin_2018_10,3.091985,0.5223518489865386,0.27145211323929325,0.27145211323929325,0.23000685933264703
bitcoin_2018_11,2.465775,0.3940863668517813,0.2239123202328754,0.2239123202328754,0.1860137021441176
bitcoin_2018_12,2.299261,0.3657620218677857,0.2034841350085233,0.2034841350085233,0.1834387616910271
bitcoin_2019_01,2.219486,0.3657620218677857,0.1966065571915936,0.1966065571915936,0.16830983086480433
bitcoin_2019_02,2.231484,0.3657620218677857,0.19526746146120197,0.19526746146120197,0.17454085202175512
bitcoin_2019_03,2.114695,0.3657620218677857,0.18385410852705725,0.18385410852705725,0.1546333821316214
bitcoin_2019_04,1.864299,0.3657620218677857,0.14791653910795555,0.14791653910795555,0.13106392089736557
bitcoin_2019_05,2.017294,0.3657620218677857,0.17273112160338078,0.17273112160338078,0.14070473240744766
bitcoin_2019_06,2.976053,0.6078379043792204,0.24247685925112886,0.24247685925112886,0.1826641442872339
bitcoin_2019_07,3.012135,0.6078379043792204,0.2464802603000602,0.2464802603000602,0.18801946045657134
bitcoin_2019_08,3.000439,0.6078379043792204,0.24533139384008004,0.24533139384008004,0.18603524857560572
bitcoin_2019_09,2.997566,0.6078379043792204,0.24508141793574947,0.24508141793574947,0.18549446629026847
bitcoin_2019_10,3.049685,0.6078379043792204,0.2502157890996674,0.2502157890996674,0.19431005524174222
bitcoin_2019_11,2.788519,0.6078379043792204,0.21233023939670728,0.21233023939670728,0.17039746215285814
bitcoin_2019_12,2.855627,0.6078379043792204,0.22077814327928055,0.22077814327928055,0.17868697899628636
bitcoin_2020_01,2.840238,0.6078379043792204,0.21915271526360175,0.21915271526360175,0.17626632929435468
bitcoin_2020_02,2.933105,0.6078379043792204,0.22739859629732923,0.22739859629732923,0.19347888882310016
bitcoin_2020_03,2.970806,0.6078379043792204,0.23425390821558495,0.23425390821558495,0.1946203095684271
bitcoin_2020_04,3.001955,0.6078379043792204,0.24313408832291278,0.24313408832291278,0.190203049726836
bitcoin_2020_05,2.160081,0.34468148832217455,0.19437576151162095,0.19437576151162095,0.16627973917619548
bitcoin_2020_06,2.040953,0.34468148832217455,0.17996780578697144,0.17996780578697144,0.15058370118190786
bitcoin_2020_07,2.024944,0.34468148832217455,0.17886534047031089,0.17886534047031089,0.14708467950442583
bitcoin_2020_08,2.131635,0.34468148832217455,0.18975882843625133,0.18975882843625133,0.16449269509974818
bitcoin_2020_09,2.064874,0.34468148832217455,0.18228075265748742,0.18228075265748742,0.15470237664148154
bitcoin_2020_10,2.068484,0.34468148832217455,0.184518597006301,0.184518597006301,0.15217586837940755
bitcoin_2020_11,2.097622,0.34468148832217455,0.18463022107204854,0.18463022107204854,0.16170256847381398
bitcoin_2020_12,2.475841,0.4281683706765281,0.20603186641855695,0.20603186641855695,0.1964483652908597
bitcoin_2021_01,2.695389,0.46851243433268003,0.22460528666814883,0.22460528666814883,0.21177916238438277
bitcoin_2021_02,2.655539,0.46851243433268003,0.2136088813206649,0.2136088813206649,0.21682322235121532
bitcoin_2021_03,2.514386,0.46851243433268003,0.17905178090522492,0.17905178090522492,0.22736729205135753
bitcoin_2021_04,2.489619,0.46851243433268003,0.17645806601760386,0.17645806601760386,0.22343462960621963
bitcoin_2021_05,2.513899,0.46851243433268003,0.18558355905658477,0.18558355905658477,0.21631870954957463
bitcoin_2021_06,2.859111,0.46851243433268003,0.2370892431859991,0.2370892431859991,0.24554676880668058
bitcoin_2021_07,2.843755,0.46851243433268003,0.243896750867588,0.243896750867588,0.22908227481138857
bitcoin_2021_08,2.874882,0.46851243433268003,0.24164575367057847,0.24164575367057847,0.2432093190892133
bitcoin_2021_09,2.838722,0.46851243433268003,0.23108253512323787,0.23108253512323787,0.2487615145117363
bitcoin_2021_10,2.814849,0.46851243433268003,0.23777052656944925,0.23777052656944925,0.22965708232087687
bitcoin_2021_11,2.791203,0.46851243433268003,0.23464500460535093,0.23464500460535093,0.22698442774919095
bitcoin_2021_12,2.448091,0.398769170387983,0.21560512179224994,0.21560512179224994,0.19084241672363753
bitcoin_2022_01,2.52413,0.398769170387983,0.22839522363902515,0.22839522363902515,0.19487173231983324
bitcoin_2022_02,2.398908,0.398769170387983,0.21405363128842678,0.21405363128842678,0.1770338913117013
bitcoin_2022_03,2.266078,0.398769170387983,0.19727405431401032,0.19727405431401032,0.1607231087002031
bitcoin_2022_04,2.279903,0.398769170387983,0.19804036190764956,0.19804036190764956,0.16405443186490765
bitcoin_2022_05,2.110794,0.398769170387983,0.1740994181900066,0.1740994181900066,0.14758607743295216
bitcoin_2022_06,2.1658,0.398769170387983,0.1798845459487644,0.1798845459487644,0.15627962812950955
bitcoin_2022_07,2.318605,0.398769170387983,0.20009266021227057,0.20009266021227057,0.17353457397457125
bitcoin_2022_08,2.341418,0.398769170387983,0.2029078987419994,0.2029078987419994,0.17644684651751177
bitcoin_2022_09,2.369729,0.398769170387983,0.20476996825219307,0.20476996825219307,0.1827802779007267
bitcoin_2022_10,1.940761,0.37290698668974354,0.14936536959113475,0.14936536959113475,0.14937328405749925
bitcoin_2022_11,1.963895,0.37290698668974354,0.15486257242747006,0.15486257242747006,0.14792272411834032
bitcoin_2022_12,1.948975,0.37290698668974354,0.1533022094485052,0.1533022094485052,0.14554982698414765
bitcoin_2023_01,1.899342,0.37290698668974354,0.15054797346864185,0.15054797346864185,0.13359591804757182
bitcoin_2023_02,2.248324,0.3979307718348002,0.19528428556360516,0.19528428556360516,0.15868020705990113
bitcoin_2023_03,2.225386,0.3979307718348002,0.19362839624102332,0.19362839624102332,0.1537942501301931
bitcoin_2023_04,2.287937,0.3979307718348002,0.20303397750939164,0.20303397750939164,0.15896840887693572
bitcoin_2023_05,2.224908,0.3979307718348002,0.19740706161853078,0.19740706161853078,0.14733704392721853
bitcoin_2023_06,1.950569,0.3979307718348002,0.15910533116084663,0.15910533116084663,0.11972707489054452
bitcoin_2023_07,1.922692,0.3979307718348002,0.15615743670075669,0.15615743670075669,0.11534770550693864
bitcoin_2023_08,1.857555,0.3979307718348002,0.14850573078880033,0.14850573078880033,0.106388391640189
bitcoin_2023_09,1.907305,0.3979307718348002,0.15402086051653013,0.15402086051653013,0.1137797533676598
bitcoin_2023_10,1.902557,0.3979307718348002,0.1539225052662794,0.1539225052662794,0.11236109818122575
bitcoin_2023_11,1.942571,0.3979307718348002,0.15525087430998355,0.15525087430998355,0.12348519271334008
bitcoin_2023_12,1.936275,0.3979307718348002,0.15110925632973057,0.15110925632973057,0.128288918150429
bitcoin_2024_01,1.460953,0.28473594495478155,0.11643533996439467,0.11643533996439467,0.1031013944086693
bitcoin_2024_02,1.461216,0.28473594495478155,0.11614441830366544,0.11614441830366544,0.10367406453048726
bitcoin_2024_03,2.000365,0.4356735556599343,0.15238354607830812,0.15238354607830812,0.12236683290223035
bitcoin_2024_04,2.041706,0.4356735556599343,0.15306733600395533,0.15306733600395533,0.1350073935206101
bitcoin_2024_05,2.109323,0.4356735556599343,0.16224755683121939,0.16224755683121939,0.1422459699704797
bitcoin_2024_06,2.106952,0.4356735556599343,0.16213721687393295,0.16213721687393295,0.1416396984318834
bitcoin_2024_07,2.126847,0.4356735556599343,0.16448472925119262,0.16448472925119262,0.1443588167357823
bitcoin_2024_08,2.05061,0.4356735556599343,0.15376626802152513,0.15376626802152513,0.13681062963384194
bitcoin_2024_09,2.105782,0.4356735556599343,0.1621772442362834,0.1621772442362834,0.1411830395020763
bitcoin_2024_10,1.984587,0.4356735556599343,0.14944256601797995,0.14944256601797995,0.12200907858934813
bitcoin_2024_11,1.992355,0.4356735556599343,0.14985398549968362,0.14985398549968362,0.12391256949919073
bitcoin_2024_12,2.178246,0.4356735556599343,0.17335952136857108,0.17335952136857108,0.14670052684885204
bitcoin_2025_01,2.193874,0.4356735556599343,0.1752652583650427,0.1752652583650427,0.14873368763498354
bitcoin_2025_02,1.780844,0.3715355415217179,0.1369177157689617,0.1369177157689617,0.1177282349505015
bitcoin_2025_03,1.83443,0.3715355415217179,0.14706287564205667,0.14706287564205667,0.11868157838911614
bitcoin_2025_04,1.752303,0.3715355415217179,0.137590980191792,0.137590980191792,0.10709223050391606
bitcoin_2025_05,1.767864,0.3715355415217179,0.13919845755211513,0.13919845755211513,0.10960025404011518
bitcoin_2025_06,1.762161,0.3715355415217179,0.1358731481004698,0.1358731481004698,0.1132413571109089
bitcoin_2025_07,1.761254,0.3715355415217179,0.13597217783350812,0.13597217783350812,0.11277385623958297
bitcoin_2025_08,1.720787,0.3715355415217179,0.12826389565281998,0.12826389565281998,0.1121322705026382
bitcoin_2025_09,1.747254,0.3715355415217179,0.13404172137604875,0.13404172137604875,0.11132479023334345
bitcoin_2025_10,1.726864,0.3715355415217179,0.13303832889241085,0.13303832889241085,0.10620031919728952
bitcoin_2025_11,1.024108,0.17650783621446772,0.08863996485177009,0.08863996485177009,0.07596424503036478
bitcoin_2025_12,1.140993,0.17650783621446772,0.10404068794312861,0.10404068794312861,0.08925812141079008
bitcoin_2026_01,1.103675,0.17650783621446772,0.10010077394076336,0.10010077394076336,0.08338514589953823
bitcoin_2026_02,1.033745,0.17560769509454643,0.09055947607610304,0.09055947607610304,0.07657749049929723
bitcoin_2026_03,1.116054,0.17560769509454643,0.10003334555659235,0.10003334555659235,0.0882239295511019
