date,M2SL,MYAGM2EZM196N,MYAGM2JPM189S,MYAGM2CNM189S,global_liquidity,global_liquidity_growth
1955-01-01,,,3564500000000.0,,3564500000000.0,
1955-02-01,,,3595400000000.0,,3595400000000.0,
1955-03-01,,,3614400000000.0,,3614400000000.0,
1955-04-01,,,3664300000000.0,,3664300000000.0,
1955-05-01,,,3705400000000.0,,3705400000000.0,
1955-06-01,,,3747500000000.0,,3747500000000.0,
1955-07-01,,,3805000000000.0,,3805000000000.0,
1955-08-01,,,3883400000000.0,,3883400000000.0,
1955-09-01,,,3901700000000.0,,3901700000000.0,
1955-10-01,,,3973400000000.0,,3973400000000.0,
1955-11-01,,,4026900000000.0,,4026900000000.0,
1955-12-01,,,4097900000000.0,,4097900000000.0,
1956-01-01,,,4141100000000.0,,4141100000000.0,0.1617618179267779
1956-02-01,,,4212600000000.0,,4212600000000.0,0.1716637926239084
1956-03-01,,,4275300000000.0,,4275300000000.0,0.1828519256308101
1956-04-01,,,4328900000000.0,,4328900000000.0,0.18137161258630563
1956-05-01,,,4408600000000.0,,4408600000000.0,0.18977708209639976
1956-06-01,,,4512500000000.0,,4512500000000.0,0.20413609072715144
1956-07-01,,,4580700000000.0,,4580700000000.0,0.20386333771353482
1956-08-01,,,4663000000000.0,,4663000000000.0,0.20075191842200124
1956-09-01,,,4762800000000.0,,4762800000000.0,0.22069866981059527
1956-10-01,,,4819200000000.0,,4819200000000.0,0.2128655559470478
1956-11-01,,,4911700000000.0,,4911700000000.0,0.2197223670813777
1956-12-01,,,5004500000000.0,,5004500000000.0,0.2212352668439932
1957-01-01,,,5098900000000.0,,5098900000000.0,0.23129120282050653
1957-02-01,,,5155900000000.0,,5155900000000.0,0.22392346769216154
1957-03-01,,,5238900000000.0,,5238900000000.0,0.225387692091783
1957-04-01,,,5315900000000.0,,5315900000000.0,0.22800249486012603
1957-05-01,,,5386100000000.0,,5386100000000.0,0.2217257179149843
1957-06-01,,,5425600000000.0,,5425600000000.0,0.20234903047091413
1957-07-01,,,5478900000000.0,,5478900000000.0,0.19608356801362237
1957-08-01,,,5531300000000.0,,5531300000000.0,0.18621059403817286
1957-09-01,,,5560900000000.0,,5560900000000.0,0.16756949693457623
1957-10-01,,,5649600000000.0,,5649600000000.0,0.17231075697211162
1957-11-01,,,5704200000000.0,,5704200000000.0,0.1613494309505874
1957-12-01,,,5758300000000.0,,5758300000000.0,0.15062443800579484
1958-01-01,,,5830700000000.0,,5830700000000.0,0.14352115162093781
1958-02-01,,,5897500000000.0,,5897500000000.0,0.1438352179057003
1958-03-01,,,5962300000000.0,,5962300000000.0,0.13808242188245634
1958-04-01,,,6068000000000.0,,6068000000000.0,0.14148121672717706
1958-05-01,,,6115600000000.0,,6115600000000.0,0.13544122834704142
1958-06-01,,,6221100000000.0,,6221100000000.0,0.14661972869360063
1958-07-01,,,6341200000000.0,,6341200000000.0,0.1573856065998649
1958-08-01,,,6441600000000.0,,6441600000000.0,0.1645725236382043
1958-09-01,,,6550000000000.0,,6550000000000.0,0.17786689204984807
1958-10-01,,,6652500000000.0,,6652500000000.0,0.17751699235344098
1958-11-01,,,6788100000000.0,,6788100000000.0,0.190017881560955
1958-12-01,,,6855300000000.0,,6855300000000.0,0.1905076150947329
1959-01-01,286.6,,6878100000000.0,,3439050000143.3,-0.41018231084718815
1959-02-01,287.7,,7053700000000.0,,3526850000143.85,-0.4019754132863331
1959-03-01,289.2,,7203300000000.0,,3601650000144.6,-0.39592942318491187
1959-04-01,290.1,,7285000000000.0,,3642500000145.05,-0.39971984176910846
1959-05-01,292.2,,7412900000000.0,,3706450000146.1,-0.39393518213321665
1959-06-01,294.1,,7516000000000.0,,3758000000147.05,-0.3959267653394014
1959-07-01,295.2,,7626700000000.0,,3813350000147.6,-0.39863905882993755
1959-08-01,296.4,,7643600000000.0,,3821800000148.2,-0.40670019868538865
1959-09-01,296.7,,7865500000000.0,,3932750000148.35,-0.39958015264910685
1959-10-01,296.5,,7993700000000.0,,3996850000148.25,-0.39919579103370917
1959-11-01,297.1,,8119700000000.0,,4059850000148.55,-0.40191658930355334
1959-12-01,297.8,,8246200000000.0,,4123100000148.9,-0.39855294441543043
1960-01-01,298.2,,8377400000000.0,,4188700000149.1,0.21798171005788336
1960-02-01,298.4,,8488100000000.0,,4244050000149.2,0.2033542679660596
1960-03-01,299.3,,8626800000000.0,,4313400000149.65,0.19761775852080965
1960-04-01,300.1,,8732600000000.0,,4366300000150.05,0.19870967741281453
1960-05-01,300.9,,8886300000000.0,,4443150000150.45,0.1987616182533991
1960-06-01,302.3,,9016000000000.0,,4508000000151.15,0.19957424161116366
1960-07-01,304.1,,9154300000000.0,,4577150000152.05,0.20029632736960568
1960-08-01,306.9,,9321900000000.0,,4660950000153.45,0.21956931288207393
1960-09-01,308.4,,9487800000000.0,,4743900000154.2,0.2062551649546125
1960-10-01,309.5,,9652000000000.0,,4826000000154.75,0.2074508675521336
1960-11-01,310.9,,9827900000000.0,,4913950000155.45,0.2103772306798648
1960-12-01,312.4,,9979400000000.0,,4989700000156.2,0.21018165942519085
1961-01-01,314.1,,10171700000000.0,,5085850000157.05,0.21418339818464327
1961-02-01,316.5,,10400800000000.0,,5200400000158.25,0.22533900401159968
1961-03-01,318.3,,10585000000000.0,,5292500000159.15,0.22699030926311758
1961-04-01,319.9,,10787000000000.0,,5393500000159.95,0.23525639556938382
1961-05-01,322.2,,10939900000000.0,,5469950000161.1,0.23109730708526177
1961-06-01,324.3,,11136700000000.0,,5568350000162.15,0.2352151730202856
1961-07-01,325.6,,11269200000000.0,,5634600000162.8,0.23102804146152578
1961-08-01,327.6,,11416600000000.0,,5708300000163.8,0.22470740942852174
1961-09-01,329.5,,11545500000000.0,,5772750000164.75,0.2168785176705046
1961-10-01,331.1,,11686000000000.0,,5843000000165.55,0.2107335267256918
1961-11-01,333.4,,11839000000000.0,,5919500000166.7,0.2046317117551948
1961-12-01,335.5,,11917600000000.0,,5958800000167.75,0.19422009338862312
1962-01-01,337.5,,12149000000000.0,,6074500000168.75,0.19439228447185242
1962-02-01,340.1,,12283400000000.0,,6141700000170.05,0.18100530728081599
1962-03-01,343.1,,12366400000000.0,,6183200000171.55,0.16829475672850558
1962-04-01,345.5,,12628700000000.0,,6314350000172.75,0.1707332900686922
1962-05-01,347.5,,12851200000000.0,,6425600000173.75,0.1747090924020338
1962-06-01,349.3,,12982600000000.0,,6491300000174.65,0.16574927940693818
1962-07-01,350.8,,13210300000000.0,,6605150000175.4,0.17224825186961956
1962-08-01,352.8,,13427600000000.0,,6713800000176.4,0.17614701399431487
1962-09-01,354.9,,13647100000000.0,,6823550000177.45,0.18202762980948606
1962-10-01,357.2,,13921200000000.0,,6960600000178.6,0.1912716070479865
1962-11-01,359.8,,14188400000000.0,,7094200000179.9,0.19844581467693545
1962-12-01,362.7,,14453000000000.0,,7226500000181.35,0.21274417667616152
1963-01-01,365.2,,14721000000000.0,,7360500000182.6,0.21170466704718494
1963-02-01,367.9,,15000100000000.0,,7500050000183.95,0.22116840613776168
1963-03-01,370.7,,15298500000000.0,,7649250000185.35,0.23710214775086125
1963-04-01,373.3,,15577100000000.0,,7788550000186.65,0.23346821129230544
1963-05-01,376.1,,15888600000000.0,,7944300000188.05,0.23635146911934046
1963-06-01,378.4,,16200800000000.0,,8100400000189.2,0.24788563153316856
1963-07-01,381.1,,16509700000000.0,,8254850000190.55,0.24975965723281712
1963-08-01,383.6,,16721500000000.0,,8360750000191.8,0.2453081712252565
1963-09-01,386.0,,17118000000000.0,,8559000000193.0,0.2543324222685286
1963-10-01,388.3,,17372900000000.0,,8686450000194.15,0.24794557939994655
1963-11-01,391.5,,17612800000000.0,,8806400000195.75,0.24135209043619166
1963-12-01,393.2,,17929800000000.0,,8964900000196.6,0.24055905347977924
1964-01-01,395.2,,18143200000000.0,,9071600000197.6,0.23247062019870257
1964-02-01,397.6,,18317700000000.0,,9158850000198.8,0.2211718588508298
1964-03-01,399.8,,18626200000000.0,,9313100000199.9,0.21751805732251328
1964-04-01,401.7,,18848300000000.0,,9424150000200.85,0.21000057776800585
1964-05-01,404.2,,19065500000000.0,,9532750000202.1,0.19994839066707581
1964-06-01,407.1,,19284600000000.0,,9642300000203.55,0.19034862475659686
1964-07-01,410.1,,19518600000000.0,,9759300000205.05,0.18225043459054646
1964-08-01,413.4,,19735400000000.0,,9867700000206.7,0.1802410070843321
1964-09-01,416.9,,19983200000000.0,,9991600000208.45,0.16737936674648268
1964-10-01,419.1,,20201100000000.0,,10100550000209.55,0.16279377651213034
1964-11-01,422.0,,20442800000000.0,,10221400000211.0,0.16067859738188095
1964-12-01,424.7,,20677600000000.0,,10338800000212.35,0.15325324320244738
1965-01-01,427.5,,20965400000000.0,,10482700000213.75,0.15555139115320493
1965-02-01,430.4,,21268600000000.0,,10634300000215.2,0.16109555238751283
1965-03-01,433.2,,21552400000000.0,,10776200000216.6,0.15710128743225082
1965-04-01,435.4,,21819000000000.0,,10909500000217.7,0.15761103123201492
1965-05-01,437.1,,22120200000000.0,,11060100000218.55,0.16022134221332474
1965-06-01,440.1,,22429400000000.0,,11214700000220.05,0.16307312570479104
1965-07-01,442.9,,22644400000000.0,,11322200000221.45,0.16014468250628222
1965-08-01,445.8,,23025600000000.0,,11512800000222.9,0.16671564802149863
1965-09-01,449.5,,23378100000000.0,,11689050000224.75,0.16988770567085232
1965-10-01,452.6,,23680900000000.0,,11840450000226.3,0.17225794634754088
1965-11-01,455.7,,24031800000000.0,,12015900000227.85,0.17556303441601018
1965-12-01,459.2,,24407100000000.0,,12203550000229.6,0.18036425890615448
1966-01-01,462.0,,24727200000000.0,,12363600000231.0,0.17942896390995622
1966-02-01,464.6,,25018900000000.0,,12509450000232.3,0.17633036494918852
1966-03-01,467.2,,25572900000000.0,,12786450000233.6,0.18654534993565397
1966-04-01,469.3,,25688200000000.0,,12844100000234.65,0.17733168339322125
1966-05-01,470.1,,26067300000000.0,,13033650000235.05,0.17843871212534257
1966-06-01,471.2,,26382000000000.0,,13191000000235.6,0.1762240630580194
1966-07-01,470.9,,26695600000000.0,,13347800000235.45,0.17890515977233945
1966-08-01,472.6,,27101700000000.0,,13550850000236.3,0.17702470293707373
1966-09-01,475.4,,27494500000000.0,,13747250000237.7,0.17607932209832078
1966-10-01,475.7,,27725900000000.0,,13862950000237.85,0.17081276471526796
1966-11-01,477.3,,28045700000000.0,,14022850000238.65,0.16702452583433147
1966-12-01,480.2,,28371300000000.0,,14185650000240.1,0.16241995156927347
1967-01-01,481.6,,27844000000000.0,,13922000000240.8,0.12604742954970094
1967-02-01,485.1,,28211900000000.0,,14105950000242.55,0.12762351661988358
1967-03-01,489.7,,28729900000000.0,,14364950000244.85,0.12345099695243111
1967-04-01,492.1,,28952500000000.0,,14476250000246.05,0.1270739094200124
1967-05-01,497.2,,28975300000000.0,,14487650000248.6,0.11155739182710356
1967-06-01,502.0,,29430300000000.0,,14715150000251.0,0.11554468956016817
1967-07-01,506.3,,29843700000000.0,,14921850000253.15,0.11792580050569645
1967-08-01,510.8,,30219000000000.0,,15109500000255.4,0.1150223048732677
1967-09-01,514.7,,30781600000000.0,,15390800000257.35,0.1195548200542822
1967-10-01,518.2,,31203600000000.0,,15601800000259.1,0.12543145578620818
1967-11-01,521.2,,31490500000000.0,,15745250000260.6,0.12282809842454534
1967-12-01,524.8,,31853800000000.0,,15926900000262.4,0.12274728334569285
1968-01-01,527.4,,32222100000000.0,,16111050000263.7,0.1572367475926617
1968-02-01,530.4,,32669200000000.0,,16334600000265.2,0.15799361262334877
1968-03-01,533.2,,33133800000000.0,,16566900000266.6,0.15328629754953682
1968-04-01,535.7,,33406600000000.0,,16703300000267.85,0.15384163716321186
1968-05-01,538.9,,33789500000000.0,,16894750000269.45,0.1661484091608747
1968-06-01,542.6,,34249300000000.0,,17124650000271.3,0.16374280928017737
1968-07-01,545.6,,34603800000000.0,,17301900000272.8,0.1595010002097108
1968-08-01,549.4,,34927400000000.0,,17463700000274.7,0.15580925907405963
1968-09-01,553.6,,35371700000000.0,,17685850000276.8,0.14911830444038499
1968-10-01,557.6,,35772300000000.0,,17886150000278.8,0.14641579817596462
1968-11-01,562.4,,36323400000000.0,,18161700000281.2,0.15347168193459004
1968-12-01,566.8,,36834000000000.0,,18417000000283.4,0.15634555374743186
1969-01-01,569.3,,37343900000000.0,,18671950000284.65,0.15895301671703788
1969-02-01,571.9,,37805500000000.0,,18902750000285.95,0.15722148078184062
1969-03-01,574.4,,38360500000000.0,,19180250000287.2,0.15774526314389203
1969-04-01,575.7,,38922400000000.0,,19461200000287.85,0.16511108583188805
1969-05-01,576.5,,39410000000000.0,,19705000000288.25,0.16633865549794935
1969-06-01,578.5,,40000100000000.0,,20000050000289.25,0.16791000107870202
1969-07-01,579.5,,40573900000000.0,,20286950000289.75,0.17252729468843797
1969-08-01,580.1,,41197400000000.0,,20598700000290.05,0.17951522300348954
1969-09-01,582.1,,41787800000000.0,,20893900000291.05,0.1813907728474482
1969-10-01,583.4,,42395400000000.0,,21197700000291.7,0.18514604875623197
1969-11-01,585.4,,43053200000000.0,,21526600000292.7,0.1852745062389205
1969-12-01,587.9,,43736200000000.0,,21868100000293.95,0.18738665363291762
1970-01-01,589.6,,44405100000000.0,,22202550000294.8,0.18908576768662777
1970-02-01,586.3,,45017500000000.0,,22508750000293.15,0.19076589384891873
1970-03-01,587.3,,45579600000000.0,,22789800000293.65,0.18819097769593207
1970-04-01,588.4,,46210500000000.0,,23105250000294.2,0.18724693235527345
1970-05-01,591.5,,46900600000000.0,,23450300000295.75,0.1900685105279225
1970-06-01,595.2,,47434100000000.0,,23717050000297.6,0.18584953537389137
1970-07-01,599.1,,48051900000000.0,,24025950000299.55,0.1843056743352942
1970-08-01,604.9,,48656300000000.0,,24328150000302.45,0.1810526877890295
1970-09-01,611.2,,49207700000000.0,,24603850000305.6,0.17756139351499112
1970-10-01,616.4,,49955100000000.0,,24977550000308.2,0.17831415672287498
1970-11-01,621.1,,50531800000000.0,,25265900000310.55,0.17370601952779396
1970-12-01,626.5,,51229200000000.0,,25614600000313.25,0.17132261147374206
1971-01-01,632.9,,52011800000000.0,,26005900000316.45,0.17130239544426873
1971-02-01,641.0,,52902900000000.0,,26451450000320.5,0.17516299216864573
1971-03-01,649.9,,53684600000000.0,,26842300000324.95,0.17782077947060015
1971-04-01,658.4,,54631000000000.0,,27315500000329.2,0.18222049101314175
1971-05-01,666.7,,55697400000000.0,,27848700000333.35,0.18756263246022997
1971-06-01,673.0,,56651100000000.0,,28325550000336.5,0.19431168716096936
1971-07-01,679.6,,57969100000000.0,,28984550000339.8,0.20638517935725442
1971-08-01,685.5,,59158200000000.0,,29579100000342.75,0.21583844229729832
1971-09-01,692.5,,60272100000000.0,,30136050000346.25,0.22485098876687726
1971-10-01,698.4,,61368300000000.0,,30684150000349.2,0.2284691653092712
1971-11-01,704.6,,62072600000000.0,,31036300000352.3,0.2283868771732187
1971-12-01,710.3,,63991600000000.0,,31995800000355.15,0.24912354672584613
1972-01-01,717.7,,65167500000000.0,,32583750000358.85,0.2529368335632438
1972-02-01,725.7,,66296600000000.0,,33148300000362.85,0.25317515674797453
1972-03-01,733.5,,67654400000000.0,,33827200000366.75,0.2602198768345947
1972-04-01,738.4,,68909700000000.0,,34454850000369.2,0.2613662572515223
1972-05-01,743.3,,69890800000000.0,,34945400000371.65,0.2548305665956885
1972-06-01,749.7,,71620400000000.0,,35810200000374.85,0.2642367050224774
1972-07-01,759.5,,73605400000000.0,,36802700000379.75,0.26973508299933213
1972-08-01,768.7,,74761300000000.0,,37380650000384.35,0.2637521087508139
1972-09-01,778.3,,76466200000000.0,,38233100000389.15,0.26868318840557626
1972-10-01,786.9,,78455400000000.0,,39227700000393.45,0.2784352833611823
1972-11-01,793.9,,79754000000000.0,,39877000000396.95,0.28485032042944236
1972-12-01,802.3,,81106800000000.0,,40553400000401.15,0.26746010413713717
1973-01-01,810.3,,82303000000000.0,,41151500000405.15,0.26294548662913075
1973-02-01,814.1,,84018600000000.0,,42009300000407.05,0.26731385923100737
1973-03-01,815.3,,85803300000000.0,,42901650000407.65,0.26825897502431517
1973-04-01,819.7,,87670000000000.0,,43835000000409.85,0.27224469123911854
1973-05-01,826.8,,88337100000000.0,,44168550000413.4,0.2639303026991724
1973-06-01,833.3,,89560100000000.0,,44780050000416.65,0.250483102578257
1973-07-01,836.5,,90333700000000.0,,45166850000418.25,0.2272700100794831
1973-08-01,838.8,,91099000000000.0,,45549500000419.4,0.21853151296061069
1973-09-01,839.3,,92208600000000.0,,46104300000419.65,0.20587396784331857
1973-10-01,842.6,,92944200000000.0,,46472100000421.3,0.18467562462125442
1973-11-01,848.9,,93659100000000.0,,46829550000424.45,0.17434987586724904
1973-12-01,855.5,,94198300000000.0,,47099150000427.75,0.16141063387932575
1974-01-01,859.7,,95100300000000.0,,47550150000429.85,0.15549007934004133
1974-02-01,864.2,,96189100000000.0,,48094550000432.1,0.1448548297630785
1974-03-01,870.1,,96738000000000.0,,48369000000435.05,0.12743915443754372
1974-04-01,872.9,,97575500000000.0,,48787750000436.45,0.11298619824296319
1974-05-01,874.6,,98591800000000.0,,49295900000437.3,0.11608599331370195
1974-06-01,877.8,,99517400000000.0,,49758700000438.9,0.11118009024054065
1974-07-01,881.4,,100325500000000.0,,50162750000440.7,0.11060988313278863
1974-08-01,884.1,,101267200000000.0,,50633600000442.05,0.11161703201957951
1974-09-01,887.9,,102026000000000.0,,51013000000443.95,0.10646946163328863
1974-10-01,893.3,,102931200000000.0,,51465600000446.65,0.1074515677143939
1974-11-01,898.6,,104258700000000.0,,52129350000449.3,0.11317213169840001
1974-12-01,902.1,,105333800000000.0,,52666900000451.05,0.11821338601594156
1975-01-01,906.3,,106435900000000.0,,53217950000453.15,0.11919625910690201
1975-02-01,914.1,,107569400000000.0,,53784700000457.05,0.1183117421823019
1975-03-01,925.0,,108558200000000.0,,54279100000462.5,0.12218776489020433
1975-04-01,935.1,,110091500000000.0,,55045750000467.55,0.12826990381755898
1975-05-01,947.9,,110997400000000.0,,55498700000473.95,0.12582790860865978
1975-06-01,963.0,,111815400000000.0,,55907700000481.5,0.12357637960775425
1975-07-01,975.1,,113417000000000.0,,56708500000487.55,0.1304902542222932
1975-08-01,983.1,,114888300000000.0,,57444150000491.55,0.13450653321095163
1975-09-01,991.5,,116093100000000.0,,58046550000495.75,0.13787759982731052
1975-10-01,997.8,,117579100000000.0,,58789550000498.9,0.14230767736096905
1975-11-01,1006.9,,118907600000000.0,,59453800000503.45,0.14050530075650336
1975-12-01,1016.2,,120624800000000.0,,60312400000508.1,0.14516707837354348
1976-01-01,1026.6,,122407100000000.0,,61203550000513.3,0.15005463382171147
1976-02-01,1040.3,,124028800000000.0,,62014400000520.15,0.1530119160280372
1976-03-01,1050.0,,125510200000000.0,,62755100000525.0,0.15615586846484697
1976-04-01,1060.8,,126842500000000.0,,63421250000530.4,0.15215525267603236
1976-05-01,1072.1,,128298800000000.0,,64149400000536.05,0.1558721195269117
1976-06-01,1077.6,,129871500000000.0,,64935750000538.8,0.16148133441331947
1976-07-01,1086.3,,130944300000000.0,,65472150000543.15,0.15453856123826681
1976-08-01,1098.7,,132227400000000.0,,66113700000549.35,0.15092137319437438
1976-09-01,1110.8,,133479500000000.0,,66739750000555.4,0.14976256125446574
1976-10-01,1125.0,,135006300000000.0,,67503150000562.5,0.14821681744442095
1976-11-01,1138.2,,136005500000000.0,,68002750000569.1,0.14379148178910772
1976-12-01,1152.0,,137331400000000.0,,68665700000576.0,0.13850054051898986
1977-01-01,1165.2,,138517500000000.0,,69258750000582.6,0.1316132806022159
1977-02-01,1177.6,,139610300000000.0,,69805150000588.8,0.12562807992987612
1977-03-01,1188.5,,140772200000000.0,,70386100000594.25,0.12159967875129518
1977-04-01,1199.6,,141375400000000.0,,70687700000599.8,0.11457437373133805
1977-05-01,1209.0,,142709000000000.0,,71354500000604.5,0.11231749634459942
1977-06-01,1217.8,,144079400000000.0,,72039700000608.9,0.109399675833592
1977-07-01,1226.7,,145472900000000.0,,72736450000613.34,0.11095251950653728
1977-08-01,1237.0,,146574400000000.0,,73287200000618.5,0.1085024737688185
1977-09-01,1246.2,,148408000000000.0,,74204000000623.1,0.11184114414581381
1977-10-01,1254.0,,149344800000000.0,,74672400000627.0,0.10620615482395657
1977-11-01,1262.4,,150735200000000.0,,75367600000631.2,0.10830223777715564
1977-12-01,1270.3,,152059900000000.0,,76029950000635.16,0.1072478690233607
1978-01-01,1279.7,,153366100000000.0,,76683050000639.84,0.10719656361102081
1978-02-01,1285.5,,154724400000000.0,,77362200000642.75,0.10825920437088388
1978-03-01,1292.2,,156366400000000.0,,78183200000646.1,0.11077613335567693
1978-04-01,1300.4,,158114600000000.0,,79057300000650.2,0.11840249435162531
1978-05-01,1310.5,,159086000000000.0,,79543000000655.25,0.11475800404993919
1978-06-01,1318.5,,161314400000000.0,,80657200000659.25,0.11962154201055131
1978-07-01,1324.1,,162919600000000.0,,81459800000662.05,0.11993092871559097
1978-08-01,1333.5,,164534900000000.0,,82267450000666.75,0.12253504022492967
1978-09-01,1345.0,,166177700000000.0,,83088850000672.5,0.11973545900456584
1978-10-01,1352.3,,167527800000000.0,,83763900000676.16,0.12175181191407836
1978-11-01,1359.1,,169247000000000.0,,84623500000679.55,0.12281006692492302
1978-12-01,1366.0,,170654400000000.0,,85327200000683.0,0.12228404727308351
1979-01-01,1371.6,,172443800000000.0,,86221900000685.8,0.12439320032218792
1979-02-01,1377.8,,173871500000000.0,,86935750000688.9,0.12374971239140842
1979-03-01,1387.8,,175498300000000.0,,87749150000693.9,0.12235301189985526
1979-04-01,1402.1,,177295000000000.0,,88647500000701.05,0.12130695078091414
1979-05-01,1410.2,,179386300000000.0,,89693150000705.1,0.12760582326497905
1979-06-01,1423.0,,180412200000000.0,,90206100000711.5,0.11838868693649429
1979-07-01,1434.8,,182231500000000.0,,91115750000717.4,0.11853638236255049
1979-08-01,1446.6,,183932000000000.0,,91966000000723.3,0.11789049010243957
1979-09-01,1454.1,,185166700000000.0,,92583350000727.05,0.1142692431051544
1979-10-01,1460.4,,186748200000000.0,,93374100000730.2,0.11472961502480739
1979-11-01,1465.9,,188027100000000.0,,94013550000732.95,0.11096267585219244
1979-12-01,1473.7,,189493300000000.0,,94746650000736.84,0.1103921141204498
1980-01-01,1482.7,1080273000000.0,190905100000000.0,,63995124333827.56,-0.2577857327045848
1980-02-01,1494.6,1080016000000.0,192568400000000.0,,64549472000498.195,-0.25750370819844903
1980-03-01,1499.8,1090055000000.0,193990100000000.0,,65026718333833.27,-0.2589475985429026
1980-04-01,1502.2,1092061000000.0,195676200000000.0,,65589420333834.06,-0.2601097568085353
1980-05-01,1512.3,1097620000000.0,197865300000000.0,,66320973333837.44,-0.26057928243889217
1980-06-01,1529.2,1112044000000.0,197777700000000.0,,66296581333843.06,-0.265054344070743
1980-07-01,1545.5,1117561000000.0,198323900000000.0,,66480487000515.164,-0.2703732669709493
1980-08-01,1561.5,1117515000000.0,199090600000000.0,,66736038333853.836,-0.27434010032697986
1980-09-01,1574.0,1124085000000.0,200078200000000.0,,67067428333858.0,-0.275599464338552
1980-10-01,1584.8,1128916000000.0,200971900000000.0,,67366938667194.94,-0.2785265007462656
1980-11-01,1595.8,1154240000000.0,202801700000000.0,,67985313333865.27,-0.2768562262212708
1980-12-01,1599.8,1198035000000.0,204259200000000.0,,68485745000533.27,-0.277169746898696
1981-01-01,1606.9,1185788000000.0,205207100000000.0,,68797629333868.97,0.07504485771430591
1981-02-01,1618.7,1191439000000.0,207027700000000.0,,69406379667206.23,0.07524318195306923
1981-03-01,1636.6,1195068000000.0,208634700000000.0,,69943256000545.53,0.07560796227593403
1981-04-01,1659.2,1201981000000.0,211247100000000.0,,70816360333886.39,0.07969181574480277
1981-05-01,1664.2,1216320000000.0,212652400000000.0,,71289573333888.06,0.07491747708587404
1981-06-01,1670.3,1224320000000.0,214464700000000.0,,71896340000556.77,0.08446527036613793
1981-07-01,1681.9,1224131000000.0,216281300000000.0,,72501810333893.97,0.09057279218384995
1981-08-01,1694.3,1222519000000.0,218332500000000.0,,73185006333898.11,0.09663396511166367
1981-09-01,1706.0,1235503000000.0,220225200000000.0,,73820234333902.0,0.10068681874052032
1981-10-01,1721.8,1239115000000.0,222456600000000.0,,74565238333907.27,0.10685211186860144
1981-11-01,1736.1,1256082000000.0,224047800000000.0,,75101294000578.7,0.10466938104363743
1981-12-01,1755.5,1308299000000.0,225598100000000.0,,75635466333918.5,0.10439721920714384
1982-01-01,1770.4,1304501000000.0,227194200000000.0,,76166233667256.8,0.10710549774365963
1982-02-01,1774.5,1308889000000.0,228812300000000.0,,76707063000591.5,0.1051874967170312
1982-03-01,1786.5,1313237000000.0,230140500000000.0,,77151245667262.17,0.10305482013391565
1982-04-01,1803.9,1321306000000.0,231161500000000.0,,77494268667267.97,0.09429894874427935
1982-05-01,1815.4,1333498000000.0,232758700000000.0,,78030732667271.8,0.09456024237669647
1982-06-01,1826.0,1348117000000.0,233650200000000.0,,78332772333942.0,0.08952378289820295
1982-07-01,1831.5,1354396000000.0,236420200000000.0,,79258198667277.17,0.09318923627241693
1982-08-01,1845.2,1358537000000.0,238132900000000.0,,79830479000615.06,0.09080374518788381
1982-09-01,1858.4,1370312000000.0,239465700000000.0,,80278670667286.14,0.08748869997041031
1982-10-01,1869.7,1378429000000.0,240897600000000.0,,80758676333956.56,0.08306066122010813
1982-11-01,1883.7,1391951000000.0,242112800000000.0,,81168250333961.23,0.08078364579624653
1982-12-01,1905.9,1449908000000.0,243265000000000.0,,81571636000635.3,0.07848394350488386
1983-01-01,1959.4,1442306000000.0,244589700000000.0,,82010668667319.8,0.07673262440145412
1983-02-01,1996.8,1444592000000.0,245716000000000.0,,82386864000665.61,0.07404534573342114
1983-03-01,2015.2,1441222000000.0,247142200000000.0,,82861140667338.39,0.07400910964810414
1983-04-01,2028.6,1450437000000.0,248775500000000.0,,83408645667342.86,0.07632018601877588
1983-05-01,2043.1,1460615000000.0,250427400000000.0,,83962671667347.7,0.07602054725501661
1983-06-01,2053.5,1474462000000.0,251953800000000.0,,84476087334017.83,0.0784258595353442
1983-07-01,2064.8,1487081000000.0,253305200000000.0,,84930760334021.61,0.07157066098054576
1983-08-01,2074.0,1482811000000.0,254793800000000.0,,85425537000691.33,0.07008673967787615
1983-09-01,2083.2,1487292000000.0,256522900000000.0,,86003397334027.73,0.07131068089639458
1983-10-01,2099.2,1500376000000.0,258214500000000.0,,86571625334033.06,0.07197925057660126
1983-11-01,2112.3,1516045000000.0,258742300000000.0,,86752781667370.77,0.06880191836626204
1983-12-01,2123.5,1579251000000.0,261562900000000.0,,87714050334041.17,0.07530085988906787
1984-01-01,2138.2,1560794000000.0,263045000000000.0,,88201931334046.06,0.07549338113363535
1984-02-01,2158.2,1556309000000.0,264816000000000.0,,88790769667386.06,0.07772969325144752
1984-03-01,2175.2,1555115000000.0,267496800000000.0,,89683971667391.73,0.08234053918524831
1984-04-01,2191.7,1567986000000.0,267805800000000.0,,89791262000730.56,0.07652223917941758
1984-05-01,2204.1,1576865000000.0,269483200000000.0,,90353355000734.7,0.07611338713358595
1984-06-01,2215.1,1590888000000.0,271177600000000.0,,90922829334071.7,0.07631440095661035
1984-07-01,2223.5,1601634000000.0,272962100000000.0,,91521244667407.83,0.07759832017830415
1984-08-01,2230.4,1596946000000.0,274712800000000.0,,92103248667410.14,0.07816997002506132
1984-09-01,2244.4,1623248000000.0,276998600000000.0,,92873949334081.47,0.07988698368936831
1984-10-01,2258.9,1623302000000.0,278266700000000.0,,93296667334086.3,0.07768182674294177
1984-11-01,2281.4,1634801000000.0,279838300000000.0,,93824367000760.47,0.08151422003393183
1984-12-01,2306.4,1710855000000.0,281830100000000.0,,94513651667435.45,0.07752009293265316
1985-01-01,2332.4,1693243000000.0,283712000000000.0,,95135081000777.45,0.0786054178391351
1985-02-01,2354.1,1696299000000.0,285713400000000.0,,95803233000784.7,0.078977391002101
1985-03-01,2366.2,1700498000000.0,288273800000000.0,,96658099334122.06,0.07776336771296277
1985-04-01,2375.4,1706597000000.0,290269600000000.0,,97325399000791.8,0.08390724032812824
1985-05-01,2389.5,1703110000000.0,292030500000000.0,,97911203334129.83,0.08364767786800686
1985-06-01,2412.6,1726676000000.0,293853300000000.0,,98526658667470.88,0.08362948435602391
1985-07-01,2429.5,1729206000000.0,295705900000000.0,,99145035334143.17,0.08330077562254012
1985-08-01,2444.0,1720281000000.0,297517000000000.0,,99745760334148.0,0.08297765580816141
1985-09-01,2456.4,1737336000000.0,299793000000000.0,,100510112000818.8,0.08222071658941643
1985-10-01,2468.0,1738990000000.0,302334800000000.0,,101357930000822.67,0.08640461548181322
1985-11-01,2477.8,1750081000000.0,305076700000000.0,,102275593667492.61,0.09007496599112308
1985-12-01,2492.1,1833589000000.0,308038200000000.0,,103290596334164.05,0.092864305969385
1986-01-01,2502.1,1805907000000.0,309233600000000.0,,103679835667500.7,0.0898170745936866
1986-02-01,2512.9,1800065000000.0,311183600000000.0,,104327888334170.95,0.08898087325838389
1986-03-01,2533.1,1815499000000.0,313831800000000.0,,105215766334177.7,0.08853543633704186
1986-04-01,2557.8,1810348000000.0,314767200000000.0,,105525849334185.94,0.08425807053025713
1986-05-01,2584.8,1814401000000.0,316678900000000.0,,106164433667528.27,0.08429301297864389
1986-06-01,2605.0,1836445000000.0,319375300000000.0,,107070581667535.0,0.08671686542116497
1986-07-01,2626.6,1844954000000.0,321739700000000.0,,107861551334208.88,0.08791681772757354
1986-08-01,2646.5,1845874000000.0,323870000000000.0,,108571958000882.17,0.08848694558211223
1986-09-01,2667.8,1861344000000.0,326409100000000.0,,109423481334222.61,0.08868131928189671
1986-10-01,2687.4,1868051000000.0,328001500000000.0,,109956517000895.8,0.0848338852224324
1986-11-01,2701.3,1893614000000.0,330339700000000.0,,110744438000900.44,0.08280415717693912
1986-12-01,2728.0,1955310000000.0,333464100000000.0,,111806470000909.33,0.08244577888963733
1987-01-01,2743.9,1935951000000.0,335909100000000.0,,112615017000914.62,0.08618051211104238
1987-02-01,2747.5,1928710000000.0,338235300000000.0,,113388003334249.17,0.08684269512920562
1987-03-01,2753.7,1934631000000.0,341883100000000.0,,114605910334251.23,0.08924654856620373
1987-04-01,2767.7,1945622000000.0,345501400000000.0,,115815674000922.56,0.09750999145384887
1987-05-01,2772.9,1958133000000.0,348938200000000.0,,116965444334257.62,0.10173850406958818
1987-06-01,2774.6,1978993000000.0,351971600000000.0,,117983531000924.88,0.10192294805379576
1987-07-01,2779.0,1979141000000.0,355174500000000.0,,119051213667593.0,0.10374097345135502
1987-08-01,2788.2,1977508000000.0,359235800000000.0,,120404436000929.39,0.10898281856491043
1987-09-01,2799.5,1989848000000.0,362756200000000.0,,121582016000933.17,0.11111449314588695
1987-10-01,2814.8,1998287000000.0,365948100000000.0,,122648795667604.94,0.11542998098608148
1987-11-01,2818.9,2019573000000.0,370896400000000.0,,124305324334272.95,0.12245207595222296
1987-12-01,2826.4,2080922000000.0,372171200000000.0,,124750707334275.45,0.11577359819392252
1988-01-01,2847.4,2062080000000.0,376039800000000.0,,126033960000949.12,0.1191576697086989
1988-02-01,2870.4,2051778000000.0,379860300000000.0,,127304026000956.8,0.12272923287735726
1988-03-01,2890.7,2048098000000.0,382202400000000.0,,128083499334296.89,0.11759942363127607
1988-04-01,2910.7,2067842000000.0,384523700000000.0,,128863847334303.56,0.11266327676232368
1988-05-01,2926.0,2081419000000.0,388775900000000.0,,130285773000975.33,0.11388259791200883
1988-06-01,2938.4,2102394000000.0,391691400000000.0,,131264598000979.45,0.11256712599956398
1988-07-01,2947.2,2121632000000.0,394791100000000.0,,132304244000982.39,0.11132209345125732
1988-08-01,2952.0,2112574000000.0,398427000000000.0,,133513191334317.33,0.10887269413634182
1988-09-01,2956.9,2119614000000.0,401421600000000.0,,134513738000985.62,0.10636212842492432
1988-10-01,2965.3,2140644000000.0,405759800000000.0,,135966814667655.11,0.10858662677898478
1988-11-01,2980.2,2159819000000.0,409116900000000.0,,137092239667660.06,0.10286699625996265
1988-12-01,2988.2,2232947000000.0,411426500000000.0,,137886482334329.39,0.10529619655667366
1989-01-01,2991.7,2206076000000.0,413815600000000.0,,138673892000997.23,0.10028989012130474
1989-02-01,2992.2,2200475000000.0,419427500000000.0,,140542658334330.73,0.10399225184971317
1989-03-01,2999.7,2206061000000.0,422006500000000.0,,141404187000999.9,0.10400002916797368
1989-04-01,3006.0,2223905000000.0,423451600000000.0,,141891835001002.0,0.10109885694240317
1989-05-01,3011.6,2231284000000.0,425271900000000.0,,142501061334337.22,0.09375765328782637
1989-06-01,3027.9,2259786000000.0,428764400000000.0,,143674728667675.97,0.09454286118031541
1989-07-01,3052.4,2281877000000.0,433324000000000.0,,145201959001017.47,0.09748527038890242
1989-08-01,3074.4,2269840000000.0,436839000000000.0,,146369613334358.12,0.09629327163522206
1989-09-01,3092.5,2286376000000.0,439904600000000.0,,147396992001030.84,0.09577649236058572
1989-10-01,3114.1,2294257000000.0,443901900000000.0,,148732052334371.38,0.09388495051471524
1989-11-01,3133.3,2316284000000.0,449496100000000.0,,150604128001044.44,0.09856056306425498
1989-12-01,3152.5,2419118000000.0,455632200000000.0,,152683772667717.5,0.10731501799799026
1990-01-01,3166.8,2379739000000.0,461555600000000.0,,154645113001055.6,0.11517107344144861
1990-02-01,3179.2,2370043000000.0,469357700000000.0,,157242581001059.72,0.11882458226314663
1990-03-01,3190.1,2359966000000.0,471653100000000.0,,158004355334396.72,0.1173951683147787
1990-04-01,3201.6,2376184000000.0,479005500000000.0,,160460561334400.53,0.13086536186713915
1990-05-01,3200.6,2375964000000.0,481302100000000.0,,161226021334400.22,0.13140224939188583
1990-06-01,3213.7,2496900000000.0,482458700000000.0,,161651866667737.9,0.1251238694986061
1990-07-01,3224.5,2504399000000.0,485995500000000.0,,162833299667741.5,0.12142632777151774
1990-08-01,3242.0,2490324000000.0,488792100000000.0,,163760808001080.66,0.11881697485252696
1990-09-01,3254.6,2528301000000.0,492539100000000.0,,165022467001084.88,0.11957825435088099
1990-10-01,3259.3,2525949000000.0,495496500000000.0,,166007483001086.44,0.11615136344570409
1990-11-01,3262.6,2542044000000.0,493905500000000.0,,165482514667754.22,0.09879136026475055
1990-12-01,3271.8,2658683000000.0,494983500000000.0,,165880727667757.28,0.0864332520048483
1991-01-01,3287.7,2600176000000.0,496005500000000.0,,166201892001095.9,0.07473096805821089
1991-02-01,3304.5,2599248000000.0,496075500000000.0,,166224916001101.5,0.0571240623427649
1991-03-01,3321.9,2600460000000.0,496187900000000.0,,166262786667773.97,0.05226711197864953
1991-04-01,3332.4,2612112000000.0,497177000000000.0,,166596370667777.47,0.038238737807914536
1991-05-01,3343.0,2613692000000.0,498449900000000.0,,167021197334447.66,0.03594442108093476
1991-06-01,3351.9,2651888000000.0,499766800000000.0,,167472896001117.28,0.03600966356512303
1991-07-01,3356.1,2645258000000.0,501911600000000.0,,168185619334452.03,0.03286993310110309
1991-08-01,3355.0,2637304000000.0,501868700000000.0,,168168668001118.34,0.026916452439637473
1991-09-01,3354.9,2657215000000.0,503748000000000.0,,168801738334451.62,0.02290155638833058
1991-10-01,3360.1,2656288000000.0,505352600000000.0,,169336296001120.03,0.020052186442774955
1991-11-01,3365.5,2689380000000.0,505863300000000.0,,169517560001121.84,0.024383514726428634
1991-12-01,3372.2,2808376000000.0,505528100000000.0,,169445492001124.06,0.021489924619252143
1992-01-01,3381.2,2735280000000.0,505380000000000.0,,169371760001127.06,0.019072394193985875
1992-02-01,3400.0,2729984000000.0,504577900000000.0,,169102628001133.34,0.017312157943955686
1992-03-01,3403.9,2742354000000.0,505473800000000.0,,169405384667801.28,0.01890139136370217
1992-04-01,3399.7,2761474000000.0,504758600000000.0,,169173358001133.22,0.015468448220247843
1992-05-01,3398.6,2774682000000.0,503391200000000.0,,168721960667799.53,0.010182919057550643
1992-06-01,3393.4,2789467000000.0,503733100000000.0,,168840855667797.78,0.008168245127088358
1992-07-01,3393.9,2781924000000.0,502558300000000.0,,168446741334464.62,0.0015525822067661288
1992-08-01,3398.8,2778097000000.0,503017000000000.0,,168598365667799.6,0.0025551588877328335
1992-09-01,3410.3,2814038000000.0,501433800000000.0,,168082612667803.44,-0.004260179271515341
1992-10-01,3423.8,2812531000000.0,502133100000000.0,,168315210334474.6,-0.00602992796440216
1992-11-01,3426.5,2847433000000.0,503120500000000.0,,168655977667808.84,-0.005082555065724748
1992-12-01,3424.7,2939888000000.0,504020500000000.0,,168986796001141.56,-0.002707041624804396
1993-01-01,3419.1,2882795000000.0,504400200000000.0,,169094331667806.38,-0.0016379845927021464
1993-02-01,3414.5,2879792000000.0,505420900000000.0,,169433564001138.16,0.0019570127556065575
1993-03-01,3411.7,2902894000000.0,503831300000000.0,,168911398001137.22,-0.0029160033350341674
1993-04-01,3411.3,2913546000000.0,507085200000000.0,,169999582001137.1,0.004883889577922407
1993-05-01,3436.9,2933359000000.0,510144300000000.0,,171025886334478.97,0.013655161767683
1993-06-01,3442.4,2955816000000.0,510372800000000.0,,171109538667814.12,0.013436812974225276
1993-07-01,3442.0,2953701000000.0,510281600000000.0,,171078433667814.0,0.015623290260771139
1993-08-01,3445.7,2948714000000.0,511337500000000.0,,171428738001148.56,0.016787661743565385
1993-09-01,3452.2,2966997000000.0,511222800000000.0,,171396599001150.72,0.019716413736958094
1993-10-01,3456.7,2987300000000.0,511569300000000.0,,171518866667818.9,0.019033670973514605
1993-11-01,3470.1,3020874000000.0,511091600000000.0,,171370824667823.38,0.01609695095042407
1993-12-01,3474.5,3150266000000.0,511478200000000.0,,171542822001158.16,0.015125595966677396
1994-01-01,3474.9,3105703000000.0,512523000000000.0,,171876234334491.62,0.016451779543683598
1994-02-01,3475.7,3102600000000.0,513031800000000.0,,172044800001158.56,0.01541156272911115
1994-03-01,3480.1,3126996000000.0,513767500000000.0,,172298165334493.38,0.020050555341051268
1994-04-01,3481.3,3133737000000.0,517625600000000.0,,173586445667827.1,0.02109924991854406
1994-05-01,3490.8,3129450000000.0,517905800000000.0,,173678416667830.28,0.015509525430341675
1994-06-01,3479.5,3154660000000.0,517675500000000.0,,173610053334493.16,0.014613531695234272
1994-07-01,3488.2,3149190000000.0,520216700000000.0,,174455296667829.4,0.01973868317366234
1994-08-01,3485.7,3126004000000.0,521298600000000.0,,174808201334495.22,0.01971351695608936
1994-09-01,3486.1,3135704000000.0,523492100000000.0,,175542601334495.38,0.024189525098551323
1994-10-01,3484.3,3139823000000.0,524419000000000.0,,175852941001161.44,0.025268790644100703
1994-11-01,3487.2,3148097000000.0,524990000000000.0,,176046032334495.72,0.027281234572655633
1994-12-01,3486.4,3243755000000.0,526717900000000.0,,176653885001162.12,0.029794677156293137
1995-01-01,3492.4,3176293000000.0,528391400000000.0,,177189231001164.12,0.030911758610749906
1995-02-01,3489.9,3172637000000.0,531014000000000.0,,178062212334496.62,0.03497584543849941
1995-03-01,3491.1,3176207000000.0,531857500000000.0,,178344569001163.72,0.03509267585602016
1995-04-01,3499.2,3187017000000.0,533202100000000.0,,178796372334499.72,0.03001344169833553
1995-05-01,3524.2,3192383000000.0,533291600000000.0,,178827994334508.06,0.029650072619711976
1995-06-01,3548.9,3218329000000.0,533589200000000.0,,178935843001182.97,0.030676735387141774
1995-07-01,3567.4,3212065000000.0,534354900000000.0,,179188988334522.47,0.02713412408283733
1995-08-01,3589.0,3203359000000.0,535411200000000.0,,179538186334529.66,0.02705814123093475
1995-09-01,3602.1,3233082000000.0,537587000000000.0,,180273360667867.38,0.026949351880445116
1995-10-01,3613.4,3235715000000.0,537803600000000.0,,180346438334537.78,0.0255525856308918
1995-11-01,3619.9,3263208000000.0,542286700000000.0,,181849969334539.97,0.03296829200340334
1995-12-01,3629.5,3397475000000.0,543587700000000.0,,182328391667876.5,0.03212217306557985
1996-01-01,3647.9,3337995000000.0,544421800000000.0,,182586598334549.28,0.03046103480944451
1996-02-01,3661.8,3332905000000.0,545554100000000.0,,182962335001220.6,0.027519160873497928
1996-03-01,3686.9,3344138000000.0,547677800000000.0,,183673979334562.28,0.029882661206037442
1996-04-01,3697.7,3359123000000.0,547976500000000.0,,183778541001232.56,0.02786504335452622
1996-05-01,3709.6,3362529000000.0,550174900000000.0,,184512476334569.88,0.03178742803226142
1996-06-01,3722.5,3397323000000.0,553304300000000.0,,185567207667907.5,0.0370600129940466
1996-07-01,3737.1,3386524000000.0,554019800000000.0,,185802108001245.72,0.036905837396533636
1996-08-01,3744.0,3382843000000.0,555291600000000.0,,186224814334581.34,0.037243486394547
1996-09-01,3753.4,3406184000000.0,556694200000000.0,,186700128001251.12,0.035650122178752186
1996-10-01,3772.8,3403007000000.0,557946500000000.0,,187116502334590.94,0.03753921653553749
1996-11-01,3795.1,3438163000000.0,559186800000000.0,,187541654334598.38,0.03129879548996639
1996-12-01,3818.6,3562479000000.0,559449000000000.0,,187670493001272.88,0.029299338871629832
1997-01-01,3834.6,3499192000000.0,560339500000000.0,,187946230667944.88,0.02935391963201628
1997-02-01,3846.3,3493103000000.0,560902300000000.0,,188131801001282.1,0.0282542633708025
1997-03-01,3861.2,3500177000000.0,562345000000000.0,,188615059001287.1,0.02690135905274116
1997-04-01,3877.0,3498558000000.0,565321800000000.0,,189606786001292.34,0.03171341424470597
1997-05-01,3889.2,3516345000000.0,566772900000000.0,,190096415001296.4,0.030263203755400037
1997-06-01,3906.0,3549216000000.0,569049200000000.0,,190866138667968.66,0.028555320019387098
1997-07-01,3923.9,3542370000000.0,570975200000000.0,,191505856667974.62,0.03069797607834812
1997-08-01,3957.4,3531781000000.0,573024200000000.0,,192185327001319.12,0.03200708073215641
1997-09-01,3973.1,3543278000000.0,573875600000000.0,,192472959334657.72,0.03092033945133621
1997-10-01,3992.3,3555327000000.0,574428800000000.0,,192661375667997.4,0.029633267318621925
1997-11-01,4014.8,3587644000000.0,576954000000000.0,,193513881334671.6,0.03184480280534374
1997-12-01,4032.9,3687146000000.0,580756900000000.0,,194814682001344.28,0.038067726502018395
1998-01-01,4056.2,3658509000000.0,584767500000000.0,,196142003001352.1,0.04360700560091124
1998-02-01,4088.9,3660611000000.0,588535100000000.0,,197398570334696.28,0.049256793822704203
1998-03-01,4114.3,3666889000000.0,587817600000000.0,,197161496334704.75,0.04531153227462781
1998-04-01,4140.2,3698172000000.0,588642700000000.0,,197446957334713.4,0.0413496346769342
1998-05-01,4164.4,3727306000000.0,590924500000000.0,,198217268668054.78,0.0427196571103301
1998-06-01,4184.1,3758294000000.0,591266100000000.0,,198341464668061.38,0.03916528123983709
1998-07-01,4203.8,3725595000000.0,594029600000000.0,,199251731668067.9,0.04044719641928651
1998-08-01,4228.7,3718421000000.0,597478800000000.0,,200399073668076.25,0.04273867727009528
1998-09-01,4267.7,3725841000000.0,599211500000000.0,,200979113668089.25,0.04419402269719175
1998-10-01,4307.9,3740075000000.0,599410700000000.0,,201050258334769.28,0.043542109245747085
1998-11-01,4346.6,3789869000000.0,604654200000000.0,,202814689668115.53,0.04806274500462693
1998-12-01,4375.6,3920142000000.0,606469900000000.0,,203463347334791.88,0.04439431999990595
1999-01-01,4403.0,3953260000000.0,608088500000000.0,,204013920001467.66,0.04013376471974395
1999-02-01,4425.8,3911195000000.0,610946600000000.0,,204952598334808.6,0.03826789620261284
1999-03-01,4432.6,3929382000000.0,612593600000000.0,,205507660668144.22,0.04233161387287754
1999-04-01,4461.4,3950654000000.0,611524500000000.0,,205158384668153.78,0.039055690893063044
1999-05-01,4486.1,3979502000000.0,614688900000000.0,,206222800668162.03,0.04038766175067088
1999-06-01,4508.0,4005344000000.0,616754500000000.0,,206919948001502.66,0.043251083921347355
1999-07-01,4535.4,4021979000000.0,617487500000000.0,,207169826334845.12,0.039739151075323775
1999-08-01,4552.7,3991118000000.0,618614100000000.0,,207535072668184.25,0.03560894204494902
1999-09-01,4568.8,4000412000000.0,619203300000000.0,,207734570668189.6,0.03361273157596245
1999-10-01,4592.7,4019772000000.0,620690200000000.0,,208236657334864.25,0.0357442913011774
1999-11-01,4611.8,4049147000000.0,622107500000000.0,,208718882334870.6,0.02911126741567216
1999-12-01,4639.3,4142298000000.0,622941900000000.0,,209028066001546.4,0.02734998091620877
2000-01-01,4667.6,4137751000000.0,623791700000000.0,,209309817001555.88,0.025958508125573543
2000-02-01,4680.9,4133651000000.0,623599700000000.0,,209244450334893.62,0.02094070548485516
2000-03-01,4711.7,4143894000000.0,624794300000000.0,,209646064668237.25,0.02013746829017604
2000-04-01,4767.8,4186038000000.0,628892600000000.0,,211026212668255.9,0.028601453504293328
2000-05-01,4755.7,4177617000000.0,627928200000000.0,,210701939001585.25,0.021719898667416082
2000-06-01,4773.6,4186421000000.0,628445400000000.0,,210877273668257.88,0.01912491137261685
2000-07-01,4791.3,4184938000000.0,629479100000000.0,,211221346001597.1,0.019556514278307846
2000-08-01,4819.5,4176869000000.0,630006200000000.0,,211394356334939.84,0.018595814274370737
2000-09-01,4855.2,4182500000000.0,631221400000000.0,,211801300001618.4,0.019576565038490923
2000-10-01,4871.3,4187284000000.0,633586000000000.0,,212591094668290.4,0.020911002842423754
2000-11-01,4882.7,4210799000000.0,633784700000000.0,,212665166334960.9,0.01890717292055477
2000-12-01,4927.6,4299630000000.0,635905800000000.0,,213401810001642.53,0.020924194935926677
2001-01-01,4978.3,4348576000000.0,637630300000000.0,,213992958668326.1,0.022374209360354058
2001-02-01,5017.0,4355581000000.0,639548400000000.0,,214634660335005.66,0.02576034868062238
2001-03-01,5074.8,4385080000000.0,640592500000000.0,,214992526668358.25,0.02550232463739177
2001-04-01,5139.1,4422968000000.0,643277600000000.0,,215900189335046.38,0.023096546183353217
2001-05-01,5137.2,4445379000000.0,644624000000000.0,,216356459668379.1,0.026836585812109126
2001-06-01,5180.1,4492195000000.0,646253900000000.0,,216915365001726.72,0.028633200858655172
2001-07-01,5210.0,4479923000000.0,647863200000000.0,,217447707668403.34,0.029477899770410376
2001-08-01,5243.8,4461073000000.0,648700900000000.0,,217720657668414.6,0.02992653845238502
2001-09-01,5355.1,4508739000000.0,650808200000000.0,,218438979668451.72,0.03133918284157167
2001-10-01,5343.8,4512933000000.0,651700200000000.0,,218737711001781.25,0.02891285894680351
2001-11-01,5387.5,4565041000000.0,652752600000000.0,,219105880335129.16,0.030285702690132643
2001-12-01,5440.5,4684363000000.0,657681900000000.0,,220788754335146.84,0.034615190627705905
2002-01-01,5460.9,4655663000000.0,660284400000000.0,,221646687668486.97,0.0357662656182236
2002-02-01,5490.2,4644451000000.0,662055400000000.0,,222233283668496.75,0.035402592114577525
2002-03-01,5502.0,4670235000000.0,664371000000000.0,,223013745001834.0,0.03730928910775155
2002-04-01,5502.1,4706318000000.0,666202400000000.0,,223636239335167.38,0.03583160359399118
2002-05-01,5528.3,4728195000000.0,667117600000000.0,,223948598335176.1,0.03509088047767972
2002-06-01,5553.3,4768158000000.0,668097800000000.0,,224288652668517.75,0.03399154166295393
2002-07-01,5596.0,4758307000000.0,668993200000000.0,,224583835668532.0,0.032817674081949244
2002-08-01,5638.3,4750263000000.0,670646700000000.0,,225132321001879.4,0.03404207672729287
2002-09-01,5662.3,4792133000000.0,671129500000000.0,,225307211001887.4,0.03144233389050033
2002-10-01,5707.1,4811015000000.0,672843200000000.0,,225884738335235.72,0.03267396051975813
2002-11-01,5758.1,4875496000000.0,673356300000000.0,,226077265335252.72,0.03181742539022969
2002-12-01,5779.4,4981449000000.0,672766800000000.0,,225916083001926.47,0.023222779992664755
2003-01-01,5812.1,4923614000000.0,673713300000000.0,,226212304668604.03,0.02059862499251852
2003-02-01,5848.2,4951523000000.0,674891800000000.0,,226614441001949.4,0.019714226695169534
2003-03-01,5868.4,5006352000000.0,675592000000000.0,,226866117335289.47,0.017274147534824813
2003-04-01,5905.5,5052347000000.0,672662800000000.0,,225905049001968.5,0.010145089514767003
2003-05-01,5965.3,5109432000000.0,674620200000000.0,,226576544001988.4,0.011734593055497289
2003-06-01,6002.2,5130101000000.0,676601000000000.0,,227243700335334.1,0.013175199153671269
2003-07-01,6049.1,5124234000000.0,677502200000000.0,,227542144668683.03,0.013172403932566468
2003-08-01,6107.1,5125966000000.0,680230700000000.0,,228452222002035.72,0.014746443271149046
2003-09-01,6079.7,5136978000000.0,678956300000000.0,,228031092668693.25,0.012089633770234753
2003-10-01,6070.0,5157878000000.0,679563700000000.0,,228240526002023.34,0.010429158181069376
2003-11-01,6075.5,5206044000000.0,680041000000000.0,,228415681335358.5,0.010343437216644213
2003-12-01,6073.8,5297999000000.0,680286700000000.0,,228528233002024.6,0.0115624791532698
2004-01-01,6082.1,5271712000000.0,681748700000000.0,,229006804002027.38,0.01235343646543563
2004-02-01,6121.8,5273548000000.0,683369100000000.0,,229547549335373.9,0.012943166024442565
2004-03-01,6157.9,5310219000000.0,684390200000000.0,,229900139668719.28,0.013373624801564343
2004-04-01,6198.9,5344467000000.0,685289200000000.0,,230211222335399.62,0.019061872908354482
2004-05-01,6275.7,5377365000000.0,688092700000000.0,,231156688335425.25,0.020214556425561137
2004-06-01,6277.9,5408012000000.0,688493000000000.0,,231300337335425.97,0.017851482765443683
2004-07-01,6291.1,5428440000000.0,690147500000000.0,,231858646668763.72,0.018970120925799527
2004-08-01,6317.8,5397916000000.0,692896300000000.0,,232764738668772.6,0.018877105369973002
2004-09-01,6352.2,5451083000000.0,692121900000000.0,,232524327668784.1,0.01970448392587887
2004-10-01,6379.8,5490285000000.0,692885800000000.0,,232792028335459.9,0.019941692271582934
2004-11-01,6406.3,5528865000000.0,693380200000000.0,,232969688335468.75,0.01993736583008099
2004-12-01,6424.5,5632265000000.0,694130900000000.0,,233254388335474.84,0.02068083786132613
2005-01-01,6430.8,5637298000000.0,695103000000000.0,,233580099335476.9,0.019970128631676243
2005-02-01,6438.9,5643364000000.0,695733800000000.0,,233792388002146.28,0.018492197712686398
2005-03-01,6448.3,5680387000000.0,698258300000000.0,,234646229002149.4,0.02064413418917077
2005-04-01,6461.8,5738282000000.0,697487700000000.0,,234408660668820.6,0.018232987474892326
2005-05-01,6479.0,5778327000000.0,698360000000000.0,,234712775668826.34,0.015383882504152124
2005-06-01,6511.7,5858475000000.0,699609600000000.0,,235156025002170.6,0.016669615406367466
2005-07-01,6543.5,5896526000000.0,701726200000000.0,,235874242002181.16,0.017319152816216432
2005-08-01,6576.3,5859423000000.0,704059700000000.0,,236639707668858.75,0.016647577387571166
2005-09-01,6610.1,5939643000000.0,705682300000000.0,,237207314335536.72,0.020139770808941915
2005-10-01,6643.9,5976941000000.0,706166900000000.0,,237381280335547.97,0.019713956843379732
2005-11-01,6660.7,6002366000000.0,707194300000000.0,,237732222002220.25,0.02044271810972087
2005-12-01,6687.8,6168737000000.0,707270400000000.0,,237813045668895.9,0.019543715194179523
2006-01-01,6730.1,6134008000000.0,707248400000000.0,,237794136002243.38,0.01804107746659578
2006-02-01,6754.7,6157331000000.0,707432400000000.0,,237863243668918.25,0.017412267788353253
2006-03-01,6769.3,6212517000000.0,707741400000000.0,,237984639002256.4,0.01422741807658201
2006-04-01,6806.9,6316677000000.0,708574300000000.0,,238296992335602.28,0.016587832786072898
2006-05-01,6813.7,6321177000000.0,707658400000000.0,,237993192335604.6,0.01397630213110701
2006-06-01,6851.8,6386776000000.0,707096300000000.0,,237827692002283.9,0.011361252598518945
2006-07-01,6893.6,6382249000000.0,705547400000000.0,,237309883002297.88,0.006086467890391578
2006-08-01,6925.1,6360016000000.0,707174500000000.0,,237844838668975.03,0.005092682931313819
2006-09-01,6952.4,6461105000000.0,709316800000000.0,,238592635002317.47,0.00584012626533581
2006-10-01,7001.7,6472185000000.0,710062100000000.0,,238844761669000.6,0.006165108433925148
2006-11-01,7037.2,6535927000000.0,711341400000000.0,,239292442335679.1,0.006562931689774398
2006-12-01,7080.1,6743791000000.0,712343000000000.0,,239695597002360.03,0.007916097824528734
2007-01-01,7118.3,6704078690000.0,713579100000000.0,,240094392899039.4,0.009673312115544785
2007-02-01,7134.3,6707663590000.0,714287300000000.0,,240331654532378.1,0.010377437158368252
2007-03-01,7168.2,6830308980000.0,715368400000000.0,,240732902995722.75,0.01154807303945482
2007-04-01,7240.7,6875257540000.0,716718100000000.0,,241197785849080.25,0.012173017733235536
2007-05-01,7254.6,6928872610000.0,717993300000000.0,,241640724205751.53,0.015326202545337564
2007-06-01,7287.8,7023576910000.0,719441100000000.0,,242154892305762.6,0.018194686527240655
2007-07-01,7318.7,7063718310000.0,720107300000000.0,,242390339439106.25,0.021408532896032728
2007-08-01,7394.8,7044759300000.0,719585800000000.0,,242210186435798.25,0.01835376286175694
2007-09-01,7413.0,7140136020000.0,721575900000000.0,,242905345342471.0,0.01807562224253756
2007-10-01,7428.1,7229789160000.0,723472500000000.0,,243567429722476.03,0.01977296056431954
2007-11-01,7453.6,7288789240000.0,725689000000000.0,,244325929749151.22,0.021034878345264074
2007-12-01,7483.9,7436873890000.0,727505600000000.0,,244980824632494.62,0.02204974849864505
2008-01-01,7517.5,7449456190000.0,729017800000000.0,,245489085399172.5,0.02246904825637297
2008-02-01,7604.0,7471674820000.0,730911500000000.0,,246127724942534.66,0.02411696628741722
2008-03-01,7670.0,7544870830000.0,731568400000000.0,,246371090279223.34,0.02342092507230209
2008-04-01,7712.5,7625570920000.0,730218800000000.0,,245948123642570.84,0.019694781926658855
2008-05-01,7725.2,7688719570000.0,732683400000000.0,,246790706525908.4,0.021312559532687736
2008-06-01,7743.9,7734626560000.0,734958000000000.0,,247564208855914.62,0.022338250111923585
2008-07-01,7791.2,7750323860000.0,735459100000000.0,,247736474622597.1,0.02205589214430681
2008-08-01,7805.8,7759475670000.0,736727700000000.0,,248162391892601.9,0.024574546365668137
2008-09-01,7872.4,7839898820000.0,737264100000000.0,,248367999609290.78,0.022488818675925115
2008-10-01,7974.9,7972122000000.0,736410400000000.0,,248127507335991.62,0.018722033642640135
2008-11-01,8027.0,8018985080000.0,738797300000000.0,,248938761696009.0,0.01887982970777502
2008-12-01,8204.7,8103056980000.0,741154100000000.0,,249752385662734.9,0.01947728373189328
2009-01-01,8289.0,8101892210000.0,743672500000000.0,,250591464072763.0,0.020784543904646124
2009-02-01,8319.3,8093799240000.0,746639100000000.0,,251577633082773.1,0.02214260153548686
2009-03-01,8386.4,8094023230000.0,748233000000000.0,,252109007746128.78,0.023289735254255595
2009-04-01,8391.1,8164981320000.0,749692900000000.0,,252619293776130.38,0.027124297737089353
2009-05-01,8449.2,8157431590000.0,752040200000000.0,,253399210532816.4,0.026777766877596143
2009-06-01,8459.3,8186152570000.0,753133500000000.0,,253773217526153.1,0.025080397117711817
2009-07-01,8463.5,8170120430000.0,755400600000000.0,,254523573479487.84,0.027396445627274835
2009-08-01,8463.0,8152961550000.0,757304100000000.0,,255152353852821.0,0.028166886637859934
2009-09-01,8461.6,8153645390000.0,759123200000000.0,,255758948466153.88,0.02975805606394477
2009-10-01,8487.9,8178413500000.0,761031200000000.0,,256403204502829.28,0.03335259865256068
2009-11-01,8517.0,8169984240000.0,763003900000000.0,,257057961416172.34,0.03261524908715541
2009-12-01,8512.2,8275090590000.0,764212200000000.0,,257495763532837.4,0.031004219837800218
2010-01-01,8477.7,8234925070000.0,766254300000000.0,,258163075026159.25,0.030214959561422727
2010-02-01,8527.3,8210916120000.0,767507500000000.0,,258572805376175.75,0.027805223412294078
2010-03-01,8523.5,8209451530000.0,768505600000000.0,,258905017179507.84,0.026956630761176825
2010-04-01,8554.8,8268951740000.0,771070100000000.0,,259779683916184.9,0.028344589334494907
2010-05-01,8609.0,8301215080000.0,775214100000000.0,,261171771696203.0,0.030673186183348466
2010-06-01,8628.1,8333155330000.0,774772000000000.0,,261035051779542.72,0.028615447777270875
2010-07-01,8639.5,8337672910000.0,775922900000000.0,,261420190972879.84,0.027096183662327133
2010-08-01,8687.9,8342473540000.0,778410900000000.0,,262251124516229.28,0.027821693808488535
2010-09-01,8718.7,8344372870000.0,780144200000000.0,,262829524292906.25,0.027645468004761087
2010-10-01,8768.4,8378476210000.0,781847400000000.0,,263408625406256.12,0.02732189294205778
2010-11-01,8789.0,8388300570000.0,782422900000000.0,,263603733526263.0,0.02546418743083856
2010-12-01,8823.2,8472295450000.0,782124800000000.0,,263532365152941.1,0.023443498787248496
2011-01-01,8849.0,8435754600000.0,784191300000000.0,,264209018202949.66,0.02341908569293949
2011-02-01,8913.3,8415889110000.0,786271600000000.0,,264895829706304.4,0.02445355504779334
2011-03-01,8971.5,8441078810000.0,788467400000000.0,,265636159606323.84,0.025998501304241195
2011-04-01,9035.1,8482013950000.0,791857600000000.0,,266779871319678.38,0.02694663146080356
2011-05-01,9107.8,8488118150000.0,796042300000000.0,,268176806053035.9,0.02682156004585834
2011-06-01,9182.1,8517982800000.0,796635300000000.0,,268384427603060.72,0.02815474693308584
2011-07-01,9344.2,8522260990000.0,798703700000000.0,,269075320333114.75,0.029282854288133597
2011-08-01,9531.0,8530699180000.0,799518600000000.0,,269349766396510.34,0.02706810845282681
2011-09-01,9551.5,8568031090000.0,801521300000000.0,,270029777033183.84,0.027395144284678485
2011-10-01,9584.4,8555869480000.0,803731400000000.0,,270762423163194.78,0.027917832020864397
2011-11-01,9636.5,8565193560000.0,805684800000000.0,,271416664523212.16,0.02963892389699696
2011-12-01,9683.9,8670606000000.0,806454800000000.0,,271708468669894.62,0.031025045110525618
2012-01-01,9757.6,8640110000000.0,808053100000000.0,,272231070003252.53,0.03036252076051693
2012-02-01,9809.8,8648411000000.0,809353500000000.0,,272667303669936.6,0.02933784941895312
2012-03-01,9853.9,8718042000000.0,811535500000000.0,,273417847336617.97,0.029294534832255748
2012-04-01,9907.7,8721253000000.0,812562400000000.0,,273761217669969.25,0.026168939642096323
2012-05-01,9951.4,8752512000000.0,813517200000000.0,,274089904003317.12,0.022049251899553868
2012-06-01,10021.6,8810355000000.0,814609700000000.0,,274473351670007.22,0.02268732251467287
2012-07-01,10074.5,8833836000000.0,817155500000000.0,,275329778670024.84,0.023244266063372487
2012-08-01,10145.6,8826210000000.0,819331600000000.0,,276052603336715.22,0.024885252472569785
2012-09-01,10226.1,8866345000000.0,821119200000000.0,,276661848336742.03,0.024560518385878582
2012-10-01,10292.4,8928497000000.0,822064900000000.0,,276997799003430.78,0.02302895567040264
2012-11-01,10361.9,8955965000000.0,822401300000000.0,,277119088336787.28,0.02100985149011536
2012-12-01,10484.1,9044639000000.0,826626600000000.0,,278557079670161.38,0.02520573257724723
2013-01-01,10508.1,9017783000000.0,829400100000000.0,,279472627670169.38,0.02660077582926279
2013-02-01,10527.5,9052631000000.0,832728700000000.0,,280593777003509.16,0.02907012768633077
2013-03-01,10583.8,9081338000000.0,836299000000000.0,,281793446003527.94,0.03063296250957004
2013-04-01,10611.3,9103737000000.0,838721600000000.0,,282608445670203.75,0.03231731680453076
2013-05-01,10646.1,9128400000000.0,841970100000000.0,,283699500003548.7,0.03506001446924967
2013-06-01,10703.3,9129744000000.0,845781500000000.0,,284970414670234.44,0.03824437941373482
2013-07-01,10742.8,9157419000000.0,848105100000000.0,,285754173003580.94,0.03786148517574417
2013-08-01,10801.2,9185109000000.0,850579700000000.0,,286588269670267.06,0.038165430089065255
2013-09-01,10862.0,9179608000000.0,853221400000000.0,,287467002670287.3,0.03905545487570694
2013-10-01,10986.3,9218195000000.0,856068600000000.0,,288428931670328.75,0.04126795486471124
2013-11-01,10995.6,9236345000000.0,857764600000000.0,,289000315003665.2,0.04287408254042191
2013-12-01,11060.1,9212147000000.0,860992600000000.0,,290068249003686.7,0.04132427489244095
2014-01-01,11130.8,9244220000000.0,864710900000000.0,,291318373337043.56,0.04238606752162655
2014-02-01,11196.8,9272606000000.0,865372800000000.0,,291548468670398.94,0.03904110698346952
2014-03-01,11232.6,9277870000000.0,866239600000000.0,,291839156670410.9,0.0356491991185528
2014-04-01,11277.7,9289816000000.0,868091800000000.0,,292460538670425.94,0.03486128299123559
2014-05-01,11342.8,9328806000000.0,869528300000000.0,,292952368670447.56,0.03261503339548755
2014-06-01,11398.1,9355707000000.0,871765900000000.0,,293707202337132.7,0.030658577933461606
2014-07-01,11453.0,9393273000000.0,873699700000000.0,,294364324337151.0,0.030131323168681057
2014-08-01,11477.3,9443850000000.0,876001300000000.0,,295148383337159.06,0.02986903014816633
2014-09-01,11519.1,9475081000000.0,879801100000000.0,,296425393670506.4,0.03116319757399766
2014-10-01,11593.1,9497903000000.0,883280200000000.0,,297592701003864.4,0.03177132502092306
2014-11-01,11634.2,9569281000000.0,888003500000000.0,,299190927003878.06,0.03526159478436419
2014-12-01,11717.6,9668681000000.0,891360000000000.0,,300342893670572.56,0.035421473057381414
2015-01-01,11805.2,9749062000000.0,893554700000000.0,,301101254003935.06,0.03358140633159823
2015-02-01,11922.8,9764289000000.0,895584300000000.0,,301782863003974.25,0.03510357773528727
2015-03-01,11920.5,9810907000000.0,897942500000000.0,,302584469003973.5,0.03681929613611734
2015-04-01,11954.6,9859662000000.0,899974600000000.0,,303278087337318.2,0.03698806244449471
2015-05-01,11982.6,9914221000000.0,905085200000000.0,,304999807003994.2,0.04112422230352131
2015-06-01,12023.2,9946958000000.0,906294600000000.0,,305413852670674.44,0.03985823377972264
2015-07-01,12067.0,10011211000000.0,909245000000000.0,,306418737004022.3,0.04095065763833783
2015-08-01,12112.0,10037605000000.0,912552100000000.0,,307529901670704.0,0.04195014790035656
2015-09-01,12173.9,10068328000000.0,913466700000000.0,,307845009337391.3,0.0385244176468178
2015-10-01,12225.2,10124772000000.0,915511400000000.0,,308545390670741.75,0.036804295367227846
2015-11-01,12317.0,10186100000000.0,917338900000000.0,,309175000004105.7,0.033370239867261065
2015-12-01,12387.9,10215459000000.0,918860800000000.0,,309692086337462.6,0.03112839645590082
2016-01-01,12526.2,10274065000000.0,921563600000000.0,,310612555004175.44,0.031588380565549024
2016-02-01,12599.1,10312438000000.0,924250300000000.0,,311520912670866.4,0.03226839844369778
2016-03-01,12649.6,10348009000000.0,926806600000000.0,,312384869670883.2,0.03238897455368406
2016-04-01,12728.7,10376779000000.0,931215500000000.0,,313864093004242.94,0.03490527706721713
2016-05-01,12796.3,10416638000000.0,936066500000000.0,,315494379337598.75,0.03440845565343964
2016-06-01,12856.9,10457644000000.0,937754400000000.0,,316070681337618.94,0.034893075653761096
2016-07-01,12911.3,10512054000000.0,940137900000000.0,,316883318004303.75,0.03415124382600676
2016-08-01,12995.8,10547979000000.0,942082600000000.0,,317543526337665.25,0.032561466747007994
2016-09-01,13056.7,10573312000000.0,945826500000000.0,,318799937337685.56,0.03558585544028703
2016-10-01,13130.0,10590298000000.0,949202000000000.0,,319930766004376.7,0.036900163405080955
2016-11-01,13204.0,10667463000000.0,953066300000000.0,,321244587671068.0,0.03903804533614297
2016-12-01,13248.7,10686288000000.0,956012400000000.0,,322232896004416.25,0.04049444664623514
2017-01-01,13324.3,10744692000000.0,959171000000000.0,,323305230671108.06,0.040863369694640994
2017-02-01,13391.8,10797860000000.0,963218700000000.0,,324672186671130.56,0.042216343960699065
2017-03-01,13452.7,10876141000000.0,,,5438070506726.35,-0.9825917608863205
2017-04-01,13508.7,,,,13508.7,-0.99999999995696
2017-05-01,13561.4,,,,13561.4,-0.9999999999570154
2017-06-01,13583.3,,,,13583.3,-0.9999999999570245
2017-07-01,13640.4,,,,13640.4,-0.9999999999569545
2017-08-01,13699.8,,,,13699.8,-0.999999999956857
2017-09-01,13748.9,,,,13748.9,-0.9999999999568729
2017-10-01,13808.1,,,,13808.1,-0.9999999999568403
2017-11-01,13841.3,,,,13841.3,-0.9999999999569135
2017-12-01,13899.7,,,,13899.7,-0.9999999999568644
2018-01-01,13910.2,,,,13910.2,-0.999999999956975
2018-02-01,13947.2,,,,13947.2,-0.9999999999570423
2018-03-01,14003.5,,,,14003.5,-0.9999999974249139
2018-04-01,14021.4,,,,14021.4,0.037953318972217875
2018-05-01,14077.4,,,,14077.4,0.038049168964856106
2018-06-01,14137.7,,,,14137.7,0.040814824085458
2018-07-01,14171.1,,,,14171.1,0.038906483680830606
2018-08-01,14219.4,,,,14219.4,0.03792756098629191
2018-09-01,14253.8,,,,14253.8,0.03672293783502667
2018-10-01,14265.4,,,,14265.4,0.03311824219117754
2018-11-01,14285.7,,,,14285.7,0.032106810776444616
2018-12-01,14407.5,,,,14407.5,0.03653316258624284
2019-01-01,14471.5,,,,14471.5,0.04035168437549408
2019-02-01,14506.7,,,,14506.7,0.0401155787541585
2019-03-01,14550.5,,,,14550.5,0.03906166315563975
2019-04-01,14579.0,,,,14579.0,0.0397677835308885
2019-05-01,14678.3,,,,14678.3,0.04268543907255595
2019-06-01,14798.6,,,,14798.6,0.04674734928595181
2019-07-01,14881.8,,,,14881.8,0.05015136439655343
2019-08-01,14964.1,,,,14964.1,0.052372111340844185
2019-09-01,15062.4,,,,15062.4,0.056728731987259584
2019-10-01,15197.3,,,,15197.3,0.06532589342044393
2019-11-01,15305.1,,,,15305.1,0.07135807135807126
2019-12-01,15373.7,,,,15373.7,0.06706229394412633
2020-01-01,15443.2,,,,15443.2,0.06714576927063542
2020-02-01,15497.1,,,,15497.1,0.06827190194875477
2020-03-01,16025.9,,,,16025.9,0.10139857736847535
2020-04-01,17039.1,,,,17039.1,0.16874271212017278
2020-05-01,17886.4,,,,17886.4,0.21856073250989572
2020-06-01,18173.5,,,,18173.5,0.2280553565877852
2020-07-01,18330.1,,,,18330.1,0.2317125616524882
2020-08-01,18396.3,,,,18396.3,0.22936227370840867
2020-09-01,18628.8,,,,18628.8,0.23677501593371564
2020-10-01,18783.4,,,,18783.4,0.2359695472222041
2020-11-01,19012.1,,,,19012.1,0.24220684608398502
2020-12-01,19165.9,,,,19165.9,0.24666801095377178
2021-01-01,19392.5,,,,19392.5,0.2557306775797761
2021-02-01,19628.2,,,,19628.2,0.26657245549167263
2021-03-01,19852.2,,,,19852.2,0.2387572616826512
2021-04-01,20189.0,,,,20189.0,0.18486305027847716
2021-05-01,20457.0,,,,20457.0,0.14371813221218344
2021-06-01,20499.2,,,,20499.2,0.12797204721159927
2021-07-01,20654.4,,,,20654.4,0.1268023633258959
2021-08-01,20837.0,,,,20837.0,0.13267341802427657
2021-09-01,21004.6,,,,21004.6,0.12753371124280677
2021-10-01,21168.0,,,,21168.0,0.12695252190764172
2021-11-01,21337.9,,,,21337.9,0.12233261975268395
2021-12-01,21494.0,,,,21494.0,0.12147094579435347
2022-01-01,21614.0,,,,21614.0,0.1145545958489107
2022-02-01,21712.7,,,,21712.7,0.1061992439449364
2022-03-01,21749.8,,,,21749.8,0.09558638337312741
2022-04-01,21780.3,,,,21780.3,0.07882014958640848
2022-05-01,21723.2,,,,21723.2,0.061895683629075604
2022-06-01,21676.8,,,,21676.8,0.05744614423977512
2022-07-01,21676.5,,,,21676.5,0.049485823843829824
2022-08-01,21644.0,,,,21644.0,0.03872918366367517
2022-09-01,21560.6,,,,21560.6,0.02647039219980396
2022-10-01,21465.8,,,,21465.8,0.01406840513983365
2022-11-01,21408.6,,,,21408.6,0.003313353235322891
2022-12-01,21266.4,,,,21266.4,-0.010589001581836732
2023-01-01,21249.4,,,,21249.4,-0.016868696215415868
2023-02-01,21226.9,,,,21226.9,-0.02237400231201092
2023-03-01,20917.4,,,,20917.4,-0.0382716162907244
2023-04-01,20770.4,,,,20770.4,-0.0463675890598384
2023-05-01,20840.8,,,,20840.8,-0.0406201664579805
2023-06-01,20823.8,,,,20823.8,-0.039350826690286445
2023-07-01,20815.5,,,,20815.5,-0.03972043457200192
2023-08-01,20792.5,,,,20792.5,-0.039341156902605756
2023-09-01,20771.8,,,,20771.8,-0.03658525272951585
2023-10-01,20737.1,,,,20737.1,-0.03394702270588568
2023-11-01,20743.4,,,,20743.4,-0.03107162542155939
2023-12-01,20745.1,,,,20745.1,-0.02451284655606978
2024-01-01,20815.3,,,,20815.3,-0.02042881210763603
2024-02-01,20903.0,,,,20903.0,-0.015258940306874802
2024-03-01,20943.8,,,,20943.8,0.0012621071452474375
2024-04-01,20969.9,,,,20969.9,0.009605014828794722
2024-05-01,21032.0,,,,21032.0,0.00917431192660545
2024-06-01,21094.6,,,,21094.6,0.013004350790921881
2024-07-01,21122.6,,,,21122.6,0.014753428935168511
2024-08-01,21204.7,,,,21204.7,0.019824455933630025
2024-09-01,21289.0,,,,21289.0,0.02489914210612465
2024-10-01,21337.0,,,,21337.0,0.02892882804249397
2024-11-01,21440.0,,,,21440.0,0.03358176576646055
2024-12-01,21458.4,,,,21458.4,0.03438402321512091
2025-01-01,21519.7,,,,21519.7,0.033840492330160954
2025-02-01,21587.5,,,,21587.5,0.03274649571831789
2025-03-01,21657.8,,,,21657.8,0.034091234637458445
2025-04-01,21792.0,,,,21792.0,0.03920381117697258
2025-05-01,21849.5,,,,21849.5,0.038869341955116044
2025-06-01,21967.8,,,,21967.8,0.04139448010391278
2025-07-01,22046.6,,,,22046.6,0.04374461477280267
2025-08-01,22105.5,,,,22105.5,0.0424811480473668
2025-09-01,22188.6,,,,22188.6,0.042256564422941345
2025-10-01,22260.1,,,,22260.1,0.043262876693068275
2025-11-01,22280.9,,,,22280.9,0.03922108208955222
2025-12-01,22366.2,,,,22366.2,0.04230511128509118
2026-01-01,22442.1,,,,22442.1,0.04286305106483823
